return_id,order_item_id,return_datetime,quantity_returned,reason,refund_amount
1,22086,2025-06-21 13:41:05,1,No longer needed,193.54
2,4582,2025-04-27 08:29:45,4,Late Delivery,4469.4
3,22058,2024-02-29 17:47:35,1,Damaged,1986.16
4,7328,2024-03-16 08:30:00,3,No longer needed,4179.75
5,27992,2025-07-10 05:06:04,1,Not as described,1817.64
6,22346,2025-07-21 15:08:55,4,Damaged,4617.48
7,29493,2025-08-09 05:13:44,3,Wrong Size,3679.02
8,14845,2024-11-18 02:55:50,2,Late Delivery,1651.36
9,23710,2025-05-19 20:33:09,3,Damaged,4259.13
10,32082,2024-09-07 07:27:44,1,Wrong Size,507.8
11,25216,2025-08-23 13:17:41,2,Damaged,2094.66
12,10993,2024-02-29 16:26:04,5,Damaged,1920.7
13,31836,2024-02-13 16:58:58,1,Not as described,1350.73
14,17852,2024-09-24 16:37:05,2,Late Delivery,2558.16
15,16996,2024-08-18 14:52:24,1,Not as described,737.51
16,18048,2025-09-16 21:17:15,1,Damaged,572.08
17,19527,2025-03-30 16:27:39,1,Not as described,1641.79
18,8309,2025-02-27 19:51:40,4,Not as described,3531.12
19,6191,2024-04-04 23:46:17,1,Wrong Size,522.79
20,13557,2024-11-05 07:00:34,5,Wrong Size,8887.6
21,17253,2024-05-31 08:14:19,3,Not as described,1596.96
22,28287,2024-11-02 01:58:00,3,Wrong Size,4923.75
23,36412,2025-02-09 19:29:57,1,Late Delivery,1099.8
24,23887,2024-12-28 15:23:59,1,No longer needed,1120.98
25,19806,2025-02-18 00:08:41,2,Not as described,1350.7
26,24035,2025-07-11 15:49:52,3,No longer needed,4240.98
27,37174,2025-07-22 22:50:43,1,Not as described,1176.57
28,26395,2024-09-25 11:34:14,1,Wrong Size,1265.52
29,328,2024-02-26 18:26:36,1,No longer needed,1188.67
30,4549,2024-04-30 10:21:51,3,No longer needed,3857.25
31,11655,2025-02-15 10:13:46,2,Late Delivery,2919.5
32,35524,2024-07-03 14:30:49,3,Late Delivery,250.47
33,29450,2025-04-04 11:38:48,1,Damaged,1461.07
34,11422,2024-08-29 13:23:53,2,Wrong Size,996.98
35,9952,2025-06-15 00:39:29,3,No longer needed,733.41
36,33698,2024-05-24 00:53:43,1,No longer needed,1404.72
37,20614,2025-09-21 11:32:13,1,Late Delivery,1457.51
38,23802,2024-07-16 06:59:25,1,No longer needed,925.52
39,13932,2025-02-20 01:07:34,2,Not as described,3962.52
40,16910,2025-03-20 10:30:09,3,Late Delivery,1753.89
41,24676,2024-12-30 15:27:06,1,Not as described,1218.5
42,6057,2025-01-21 10:19:04,1,No longer needed,128.73
43,21247,2025-03-22 21:59:06,3,Not as described,660.06
44,29716,2024-02-07 02:37:02,3,Damaged,1205.46
45,33267,2025-07-06 10:49:58,1,Damaged,713.91
46,32974,2025-08-29 23:30:28,3,No longer needed,3591.48
47,22854,2025-07-16 04:41:36,3,No longer needed,3412.11
48,20375,2024-03-10 22:17:54,2,Not as described,2621.7
49,14510,2024-05-08 07:42:45,1,Not as described,1176.57
50,24602,2024-06-14 19:43:52,2,Wrong Size,2919.5
51,32252,2024-02-26 15:24:05,1,Not as described,1472.99
52,19002,2024-02-13 16:45:51,3,Wrong Size,1326.09
53,11407,2024-04-10 22:43:38,1,Not as described,1415.83
54,23154,2024-10-01 14:29:14,1,Late Delivery,220.7
55,6431,2024-09-03 08:13:48,2,Damaged,3984.86
56,11580,2025-05-06 22:18:36,5,Damaged,1883.0
57,24394,2024-01-21 17:35:32,2,Wrong Size,3662.48
58,4964,2024-11-19 01:28:48,2,Not as described,1087.78
59,18274,2024-08-01 11:25:46,2,No longer needed,3175.62
60,18661,2024-05-22 10:17:32,5,Damaged,9216.45
61,27692,2025-07-25 04:32:05,3,Late Delivery,2113.35
62,10182,2025-09-21 06:45:43,1,Late Delivery,1680.85
63,30804,2025-06-15 19:18:47,1,Not as described,1421.04
64,1992,2025-07-06 13:02:03,5,No longer needed,8560.65
65,7092,2025-06-08 15:35:01,1,Damaged,472.73
66,23569,2024-09-27 05:47:58,4,No longer needed,2389.28
67,34806,2025-07-05 01:37:05,1,Wrong Size,697.48
68,30655,2024-03-08 21:39:07,3,Wrong Size,5302.23
69,11402,2025-01-07 10:49:48,1,Wrong Size,1619.46
70,26619,2024-01-29 19:31:18,1,Damaged,228.81
71,36612,2024-06-19 07:51:08,1,Damaged,468.37
72,33269,2024-06-14 03:04:04,3,Late Delivery,5120.97
73,8384,2024-08-31 23:10:42,1,Damaged,853.18
74,18991,2024-03-23 09:31:11,1,Wrong Size,1586.01
75,36960,2025-01-25 13:26:28,3,Damaged,4152.51
76,2499,2024-11-27 10:56:19,1,No longer needed,1362.6
77,18023,2024-08-03 22:26:24,1,Not as described,1429.03
78,19085,2024-03-01 03:24:51,2,Not as described,2193.5
79,34007,2025-05-19 16:05:38,4,Not as described,4178.4
80,192,2024-01-27 10:15:13,3,Wrong Size,4921.53
81,1336,2024-02-16 13:59:09,2,No longer needed,3962.52
82,14781,2025-01-18 20:43:51,2,Damaged,734.6
83,24268,2024-10-27 11:38:06,4,Wrong Size,1400.56
84,26719,2024-03-09 05:07:57,1,Wrong Size,1241.86
85,17935,2024-09-05 04:42:56,1,No longer needed,204.3
86,7635,2025-02-15 20:23:21,3,No longer needed,2396.55
87,13025,2025-01-12 23:25:58,1,Not as described,1172.05
88,26718,2024-03-06 05:07:57,2,Not as described,2919.5
89,8385,2024-10-30 21:46:01,1,No longer needed,1238.49
90,3217,2024-04-17 07:17:36,4,Late Delivery,677.4
91,32821,2024-08-25 08:32:25,2,Damaged,1895.96
92,21837,2025-07-19 23:31:44,2,Not as described,910.58
93,36879,2025-04-27 14:33:47,1,Late Delivery,140.56
94,19746,2025-01-01 02:47:34,3,Late Delivery,4449.48
95,93,2025-08-17 00:03:14,1,Damaged,516.7
96,36766,2024-10-22 05:39:17,1,Not as described,1688.71
97,12296,2025-09-04 23:31:03,1,Wrong Size,79.32
98,12479,2024-12-19 22:07:53,2,Damaged,654.14
99,16654,2024-07-06 07:37:13,1,Wrong Size,338.94
100,7348,2024-05-26 16:40:17,3,Not as described,1991.19
101,22442,2025-07-01 10:24:02,1,Wrong Size,1934.89
102,26178,2025-01-05 01:02:14,2,Wrong Size,1299.18
103,26728,2024-12-02 17:40:30,2,Wrong Size,2963.58
104,31150,2024-06-16 04:53:54,1,Damaged,1775.79
105,9381,2025-08-31 02:25:38,2,Not as described,2911.02
106,25820,2024-12-15 05:32:13,1,Not as described,315.77
107,17187,2025-06-02 01:12:55,3,Not as described,190.29
108,8927,2024-05-24 00:21:17,5,Damaged,3608.25
109,17996,2024-03-07 14:37:12,1,Damaged,1775.49
110,36492,2025-02-03 07:58:58,1,Wrong Size,220.7
111,403,2024-05-09 07:59:08,3,Not as described,2822.97
112,21469,2025-05-11 10:50:48,1,No longer needed,297.76
113,35494,2024-08-29 18:30:58,4,Wrong Size,2254.84
114,4232,2024-06-08 03:42:41,1,Damaged,1279.08
115,22390,2025-08-29 23:48:08,1,Not as described,1538.49
116,8423,2024-10-03 00:16:51,1,Late Delivery,281.69
117,4693,2024-05-11 00:38:56,1,No longer needed,840.54
118,17250,2024-04-26 08:10:05,2,Not as described,834.2
119,17043,2025-01-01 10:33:59,2,Not as described,3121.6
120,34565,2025-09-22 12:57:20,2,No longer needed,166.98
121,17267,2024-07-10 22:47:05,1,No longer needed,66.85
122,9044,2024-03-02 17:45:28,2,Late Delivery,3175.62
123,34980,2024-07-24 04:52:57,4,Damaged,5519.44
124,33030,2025-03-30 02:58:59,2,No longer needed,1489.06
125,13816,2024-06-21 03:01:57,2,Late Delivery,910.58
126,26761,2024-04-20 14:38:45,1,Not as described,687.31
127,12549,2025-07-17 21:21:54,1,Damaged,1264.36
128,3098,2024-03-10 00:01:37,1,Damaged,1479.23
129,26879,2025-06-13 09:24:15,1,Not as described,399.83
130,33615,2025-06-29 11:05:32,3,No longer needed,1633.68
131,34006,2024-03-22 09:20:08,2,Damaged,330.72
132,36276,2025-06-21 08:49:16,1,Late Delivery,1280.48
133,23718,2025-03-30 22:19:36,1,Late Delivery,131.98
134,661,2025-05-09 16:38:56,3,No longer needed,2783.49
135,15889,2025-02-04 10:24:08,2,Wrong Size,825.12
136,13591,2024-06-29 21:04:45,1,Wrong Size,543.89
137,33572,2025-08-12 04:15:45,3,Late Delivery,2069.34
138,30385,2024-09-04 12:47:26,1,Wrong Size,1669.48
139,3095,2024-04-16 12:13:00,1,Damaged,825.68
140,5102,2024-08-28 10:44:16,4,Not as described,5533.12
141,19761,2024-07-09 08:36:00,1,Wrong Size,169.24
142,14249,2024-04-22 15:07:32,2,Late Delivery,1895.96
143,6663,2024-09-02 20:25:13,1,Wrong Size,115.18
144,12184,2024-11-09 17:00:13,1,No longer needed,428.99
145,16764,2025-09-28 23:23:59,1,Damaged,868.4
146,34327,2024-05-19 00:36:58,1,Damaged,397.71
147,8704,2025-08-02 19:55:29,2,No longer needed,3220.78
148,7630,2025-03-31 02:39:26,3,Wrong Size,4596.03
149,21260,2024-06-06 02:53:06,1,Wrong Size,119.27
150,1498,2025-05-23 03:02:39,1,Damaged,631.77
151,10393,2025-05-15 15:12:24,1,Damaged,1504.54
152,20111,2025-02-26 06:58:59,2,Wrong Size,980.2
153,19695,2024-11-14 06:11:48,1,No longer needed,251.1
154,2830,2024-05-29 03:06:03,4,Not as described,4905.36
155,32005,2025-01-21 21:23:23,2,Late Delivery,1987.0
156,29566,2025-07-31 15:14:28,2,Damaged,2622.92
157,18305,2024-09-09 23:43:20,3,Late Delivery,1981.05
158,8831,2024-08-25 15:57:04,2,No longer needed,2663.7
159,29288,2024-05-06 02:57:35,5,Late Delivery,7785.4
160,13766,2024-11-08 00:08:12,1,Not as described,1236.68
161,16087,2025-06-03 13:03:42,2,Wrong Size,2490.42
162,10392,2024-06-25 12:07:03,2,Late Delivery,1796.02
163,14238,2024-04-24 23:20:45,2,Damaged,3273.32
164,7556,2024-10-16 10:39:01,3,No longer needed,329.22
165,11676,2024-10-25 21:08:51,1,Wrong Size,1618.15
166,23255,2024-07-25 14:30:24,2,Late Delivery,1182.0
167,17410,2025-09-27 07:38:31,2,Wrong Size,2094.66
168,258,2024-02-03 10:48:37,1,Damaged,1074.19
169,9622,2024-11-07 01:23:06,2,Damaged,2518.34
170,5808,2025-01-28 21:22:14,1,Damaged,215.05
171,4295,2024-04-16 19:15:31,1,Damaged,496.65
172,35723,2024-07-17 14:19:01,1,Wrong Size,1966.01
173,28444,2024-11-13 06:35:02,1,No longer needed,63.43
174,1427,2025-09-03 11:34:18,1,Late Delivery,613.4
175,27957,2025-07-12 13:05:52,2,Not as described,1213.64
176,29584,2025-04-08 20:02:35,1,Wrong Size,804.29
177,21185,2024-02-01 05:16:40,5,No longer needed,3051.45
178,6157,2024-02-27 08:48:37,3,Not as described,1534.98
179,31235,2025-08-29 16:29:33,2,No longer needed,3261.84
180,29071,2024-02-20 19:10:10,1,Late Delivery,1154.74
181,31339,2025-05-19 05:20:09,1,Late Delivery,1120.98
182,24999,2024-08-25 01:47:21,3,Not as described,3591.48
183,34958,2025-03-08 21:08:09,2,Not as described,597.1
184,15778,2025-04-15 08:30:33,2,Late Delivery,2951.46
185,12048,2025-05-26 16:02:39,1,No longer needed,1560.56
186,10172,2025-03-05 08:31:17,1,Not as described,1388.47
187,26654,2025-01-14 00:06:26,1,Late Delivery,654.55
188,13496,2024-09-27 14:02:31,3,Damaged,1472.13
189,20145,2025-07-15 17:08:54,1,Wrong Size,482.31
190,11382,2025-05-03 09:59:34,5,No longer needed,5707.15
191,13054,2025-02-06 19:19:03,1,Wrong Size,841.43
192,8874,2025-08-31 19:41:22,1,Damaged,1805.21
193,7455,2024-03-16 14:10:08,2,No longer needed,2280.22
194,20878,2024-12-12 17:53:09,2,Wrong Size,528.64
195,17601,2024-07-03 11:44:05,2,Damaged,897.2
196,3169,2024-01-31 19:14:15,1,Not as described,1428.61
197,8452,2024-07-22 11:51:15,3,Wrong Size,1091.1
198,21547,2024-09-02 22:08:08,1,Wrong Size,694.68
199,28156,2024-12-22 02:21:57,1,Late Delivery,1091.56
200,33250,2025-06-04 22:52:17,3,Wrong Size,2433.33
201,22661,2025-07-20 08:01:07,1,Wrong Size,1642.33
202,24961,2025-01-21 10:41:33,1,Wrong Size,647.03
203,23621,2025-08-25 14:21:24,1,Late Delivery,840.54
204,8695,2024-06-15 14:33:38,1,No longer needed,1864.1
205,24373,2024-09-28 08:56:45,1,Wrong Size,901.23
206,4346,2025-05-05 08:55:20,1,Late Delivery,1085.89
207,3919,2025-03-27 08:58:46,2,Damaged,1885.2
208,4123,2025-04-12 10:31:43,1,Damaged,144.05
209,34529,2024-07-09 03:45:55,1,No longer needed,1430.18
210,25982,2024-09-10 12:32:00,3,Damaged,4437.69
211,6614,2025-09-03 05:19:05,1,Damaged,841.94
212,16186,2024-07-29 02:42:08,1,No longer needed,243.58
213,35328,2024-04-08 12:28:20,2,No longer needed,903.36
214,18994,2024-02-18 00:06:47,2,Late Delivery,1285.04
215,9171,2024-05-05 08:00:20,1,Damaged,1481.79
216,12726,2025-04-25 18:57:32,1,Late Delivery,144.79
217,2101,2024-06-24 21:37:30,1,Damaged,1159.71
218,9958,2024-01-31 12:40:38,2,Wrong Size,3940.58
219,29866,2025-09-13 11:45:53,2,Damaged,903.36
220,10005,2025-03-20 12:55:28,3,Late Delivery,3471.51
221,5709,2025-02-14 11:38:57,3,Late Delivery,2607.15
222,26180,2024-07-30 09:13:17,1,Wrong Size,1627.39
223,6570,2024-03-24 13:21:15,1,Not as described,844.74
224,18442,2024-02-03 01:47:42,4,Damaged,4966.0
225,4557,2025-07-29 05:53:08,2,Late Delivery,3676.3
226,31366,2025-05-19 22:01:49,3,Late Delivery,5084.1
227,15045,2024-03-27 03:10:57,3,Late Delivery,4831.17
228,11706,2024-08-08 13:00:05,1,Late Delivery,1415.83
229,12671,2024-12-28 03:07:30,1,Wrong Size,689.78
230,33321,2024-11-22 17:09:44,1,Not as described,1349.64
231,27988,2024-07-19 20:19:36,3,Late Delivery,5741.79
232,7062,2025-08-07 18:38:09,4,Damaged,2373.52
233,16054,2024-10-29 01:22:14,1,Damaged,1542.9
234,4992,2024-11-09 21:18:14,1,No longer needed,632.15
235,22740,2025-06-06 18:53:35,3,Damaged,1229.28
236,18720,2024-04-22 15:14:21,1,Wrong Size,320.11
237,33451,2024-12-03 22:05:11,1,Wrong Size,586.46
238,15548,2025-07-17 16:59:46,2,No longer needed,3737.88
239,33095,2025-08-03 00:23:42,1,Wrong Size,57.09
240,33729,2024-04-06 21:12:19,3,No longer needed,1780.14
241,13743,2025-08-04 18:27:21,1,No longer needed,479.46
242,18149,2025-03-12 09:52:26,5,Wrong Size,2144.95
243,8199,2024-07-12 16:39:15,1,Damaged,286.56
244,647,2024-09-05 04:30:04,3,Late Delivery,1948.23
245,1522,2024-05-26 06:16:34,2,Wrong Size,865.06
246,13896,2024-06-03 23:58:02,1,Damaged,1929.49
247,29871,2025-06-07 11:41:54,4,Not as described,5085.84
248,34281,2024-09-12 08:06:30,1,Damaged,1398.43
249,9981,2024-06-10 23:09:23,1,Damaged,1797.95
250,18405,2024-12-02 19:59:39,1,No longer needed,1721.56
251,17433,2025-05-02 16:09:20,3,Damaged,3906.84
252,14672,2024-10-18 20:53:42,5,Wrong Size,5672.25
253,11852,2025-09-09 18:12:37,1,Damaged,1783.9
254,24749,2025-05-09 17:30:41,2,Late Delivery,338.48
255,27899,2025-01-18 05:23:23,1,Late Delivery,898.01
256,3057,2025-01-20 13:59:38,1,Damaged,1557.08
257,761,2025-03-29 08:30:20,1,Not as described,1532.57
258,21943,2024-07-11 07:17:34,3,Late Delivery,3777.51
259,35740,2024-07-28 23:08:56,1,Wrong Size,1736.54
260,32186,2024-03-15 14:48:54,1,Damaged,1091.56
261,26090,2024-05-27 22:50:33,4,Late Delivery,3035.64
262,13879,2025-04-26 21:24:52,1,Wrong Size,431.63
263,37243,2025-05-21 00:51:29,3,Wrong Size,5960.16
264,24192,2024-10-19 14:10:58,1,No longer needed,670.08
265,24682,2024-10-02 13:36:03,4,Wrong Size,6171.6
266,31418,2024-09-13 15:00:45,4,No longer needed,300.56
267,16875,2024-06-13 07:44:44,1,Damaged,1412.33
268,36069,2025-04-09 01:51:38,1,Late Delivery,903.81
269,7563,2025-02-19 20:46:01,1,No longer needed,326.19
270,36128,2024-02-20 17:29:17,1,Wrong Size,542.68
271,6934,2025-05-21 16:41:57,1,Damaged,579.78
272,20236,2024-07-23 16:09:07,2,Not as described,162.0
273,17186,2025-06-03 01:12:55,2,Not as described,487.26
274,27363,2025-04-03 12:04:56,1,No longer needed,151.63
275,33307,2025-07-22 08:07:15,1,Damaged,699.35
276,27026,2025-05-20 16:22:35,4,No longer needed,1203.0
277,10416,2024-10-25 07:53:18,2,Damaged,2173.36
278,1715,2024-01-30 01:17:05,1,Wrong Size,961.21
279,386,2025-04-20 05:10:05,1,Damaged,63.32
280,30925,2025-08-13 23:55:30,1,Damaged,1550.07
281,14496,2025-03-01 08:09:36,1,Wrong Size,1624.69
282,16826,2024-02-12 11:20:50,2,No longer needed,2975.2
283,36508,2025-09-01 15:21:57,2,No longer needed,3566.26
284,12707,2024-03-04 23:47:38,1,Damaged,840.54
285,37193,2025-05-19 00:58:05,2,Wrong Size,3467.92
286,24458,2024-07-08 20:36:29,2,Not as described,2048.08
287,1389,2024-03-01 21:54:49,3,No longer needed,2354.01
288,16674,2024-08-05 16:04:32,1,Not as described,1864.1
289,898,2024-11-18 18:08:08,1,Damaged,957.72
290,2679,2024-03-10 04:50:57,3,Late Delivery,1865.46
291,8012,2025-08-08 03:41:05,1,Not as described,498.49
292,19181,2024-03-29 11:14:02,2,Late Delivery,2154.88
293,4449,2024-04-06 10:57:21,5,Damaged,4565.5
294,3772,2024-11-19 20:53:50,1,Late Delivery,620.8
295,864,2024-03-24 12:46:24,1,No longer needed,180.0
296,9943,2024-02-14 02:18:19,4,Wrong Size,3347.56
297,36712,2024-05-21 06:01:33,2,Wrong Size,2560.96
298,13958,2024-01-27 02:53:18,3,Damaged,3412.11
299,2470,2025-07-21 09:45:56,2,Damaged,1478.48
300,12545,2024-11-19 04:09:57,4,Wrong Size,1186.08
301,3781,2024-08-12 09:47:46,2,Wrong Size,1506.4
302,19927,2024-06-21 17:49:29,2,Not as described,1311.7
303,1349,2024-08-01 18:33:04,3,Wrong Size,3822.72
304,19796,2024-07-12 07:20:46,5,Late Delivery,7689.85
305,10464,2025-07-18 18:26:20,3,Damaged,1115.91
306,5842,2024-04-24 21:12:09,1,Wrong Size,449.09
307,8358,2025-01-25 16:01:19,2,Late Delivery,2382.74
308,12226,2024-10-30 23:14:59,1,No longer needed,426.17
309,1708,2024-11-22 06:30:46,1,Damaged,781.56
310,26566,2024-05-10 21:55:05,1,No longer needed,412.56
311,6693,2025-08-14 20:32:39,1,Wrong Size,701.83
312,35858,2024-08-08 06:41:28,1,Damaged,1271.46
313,14156,2024-04-24 00:36:17,1,Wrong Size,1721.56
314,23775,2025-05-03 22:05:27,2,Damaged,1993.72
315,24494,2025-04-03 05:37:57,1,No longer needed,1513.3
316,1845,2025-08-21 11:58:26,2,Wrong Size,1112.74
317,16440,2025-04-27 11:20:15,4,Wrong Size,6477.84
318,12174,2024-10-15 13:30:28,2,Wrong Size,3213.64
319,8236,2025-07-09 19:11:45,2,Damaged,3021.38
320,7956,2024-09-13 17:57:33,1,Late Delivery,429.1
321,36930,2024-08-11 12:06:47,1,No longer needed,784.67
322,14705,2024-08-05 14:39:37,2,Not as described,3551.58
323,14596,2025-08-19 17:53:10,1,Wrong Size,903.81
324,18095,2025-07-29 00:52:50,3,No longer needed,746.64
325,37265,2024-04-14 00:13:14,3,Not as described,4549.38
326,7972,2024-09-07 09:12:01,3,Not as described,5076.66
327,23370,2024-08-09 02:43:13,1,Wrong Size,1590.67
328,15,2024-03-16 15:18:44,2,Wrong Size,1989.92
329,23377,2024-04-29 00:23:23,1,No longer needed,1253.92
330,5212,2025-02-10 17:28:05,5,Late Delivery,1959.65
331,4834,2024-12-18 07:59:53,1,Damaged,1196.03
332,16112,2025-02-26 09:24:53,2,Wrong Size,2232.26
333,4931,2024-04-19 04:50:13,1,No longer needed,459.24
334,37078,2024-02-09 15:34:53,2,Wrong Size,700.28
335,15625,2024-03-01 00:38:38,1,No longer needed,1658.96
336,3167,2024-09-03 14:16:16,1,Late Delivery,855.58
337,18924,2024-03-07 21:35:11,1,Wrong Size,1039.02
338,33494,2025-07-23 15:17:29,3,No longer needed,2399.52
339,11747,2025-03-02 11:55:51,1,No longer needed,715.65
340,13111,2025-08-07 07:05:19,1,Wrong Size,1021.01
341,37166,2024-04-30 15:27:49,3,No longer needed,2212.53
342,24090,2024-02-28 23:35:02,1,No longer needed,1085.89
343,1635,2024-10-08 11:21:10,3,Wrong Size,2896.83
344,32124,2025-01-08 15:59:16,2,Wrong Size,2505.72
345,28408,2024-04-06 11:40:58,2,Late Delivery,441.4
346,3620,2024-06-22 19:53:57,5,No longer needed,4596.7
347,18351,2024-05-01 08:22:19,3,Damaged,1366.56
348,22111,2025-04-27 10:52:05,1,Damaged,1129.86
349,27151,2024-05-05 15:34:45,1,Wrong Size,1038.7
350,31449,2024-01-27 20:56:46,3,No longer needed,5596.05
351,33506,2025-07-29 15:32:57,1,Not as described,631.77
352,7438,2024-10-27 23:16:15,1,Late Delivery,1206.54
353,33959,2025-07-25 14:47:03,1,Damaged,1805.21
354,6110,2024-12-03 00:21:03,3,No longer needed,224.16
355,22543,2024-05-11 16:31:13,1,Late Delivery,1413.66
356,30944,2025-05-07 15:48:26,1,No longer needed,1680.85
357,5205,2024-04-28 08:50:15,1,Not as described,1486.78
358,20820,2024-05-15 09:59:14,2,Wrong Size,2013.14
359,25979,2024-12-11 11:11:16,1,Wrong Size,306.43
360,33079,2025-09-05 04:58:56,1,Not as described,893.94
361,16541,2025-07-31 07:37:21,2,Wrong Size,2428.64
362,16223,2025-08-10 16:23:41,2,Late Delivery,2647.48
363,7271,2025-03-19 23:06:43,2,Late Delivery,1138.96
364,8987,2025-04-24 09:14:33,3,Wrong Size,4858.38
365,21757,2025-08-03 04:58:29,2,Wrong Size,2259.72
366,12945,2025-03-02 21:02:03,3,Not as described,3355.02
367,19943,2024-07-06 06:57:50,1,Late Delivery,56.65
368,24078,2025-04-29 04:27:37,1,Wrong Size,1047.33
369,22811,2024-03-12 17:22:44,2,Late Delivery,120.06
370,6555,2024-10-29 07:28:40,1,No longer needed,1470.05
371,18324,2024-04-19 00:14:37,2,Late Delivery,126.86
372,25573,2024-03-25 23:08:41,1,Late Delivery,935.73
373,26810,2025-03-07 14:02:24,2,No longer needed,1747.38
374,26676,2024-11-30 06:50:58,1,Not as described,1160.67
375,8074,2024-04-12 12:48:06,2,Damaged,3118.24
376,6433,2024-09-08 08:13:48,1,Wrong Size,945.27
377,14314,2024-03-09 16:11:47,2,Damaged,2394.32
378,34445,2025-07-08 09:20:56,1,Not as described,1265.52
379,7699,2025-09-16 00:01:17,2,No longer needed,3568.14
380,18407,2024-11-24 19:59:39,3,Wrong Size,2609.1
381,24977,2025-08-30 04:29:06,1,Wrong Size,1379.84
382,32768,2024-12-08 16:07:44,1,Late Delivery,747.63
383,1846,2024-10-05 19:23:48,1,Wrong Size,1831.24
384,4260,2025-07-07 06:51:25,2,Damaged,2667.22
385,11935,2025-03-26 13:38:40,1,Wrong Size,63.43
386,1954,2024-07-16 19:43:03,3,Late Delivery,1729.44
387,17945,2025-03-13 02:45:33,1,Late Delivery,1648.12
388,20221,2024-02-26 13:54:56,1,No longer needed,552.0
389,15024,2025-03-22 10:41:50,2,No longer needed,3273.32
390,5190,2024-02-08 00:37:34,5,Wrong Size,6232.35
391,33761,2024-01-16 05:35:07,1,Late Delivery,1607.61
392,31448,2024-01-17 20:56:46,1,Wrong Size,482.41
393,33963,2024-04-20 06:51:01,1,Wrong Size,1336.74
394,6248,2025-02-15 15:00:23,2,Not as described,2368.26
395,22210,2024-12-12 13:44:24,1,Late Delivery,689.78
396,33843,2025-02-08 05:44:43,1,Late Delivery,1197.16
397,18966,2025-05-31 00:45:10,1,Wrong Size,404.11
398,11389,2025-06-07 17:32:25,4,Damaged,1617.44
399,7259,2024-10-30 04:47:25,1,Wrong Size,230.81
400,27234,2024-12-31 08:47:34,1,Late Delivery,1834.26
401,6327,2025-02-04 15:16:20,4,Damaged,871.92
402,14706,2024-08-05 14:39:37,1,No longer needed,1338.08
403,18499,2024-04-27 08:04:07,2,Not as described,644.74
404,17564,2025-02-01 02:32:03,2,Damaged,3774.76
405,37110,2025-08-11 15:53:25,1,Wrong Size,63.56
406,34270,2025-07-24 00:34:41,1,Late Delivery,77.61
407,30868,2025-05-25 15:45:40,1,Not as described,434.91
408,23066,2024-05-15 18:24:48,1,Damaged,522.79
409,35783,2025-06-01 22:26:52,3,Wrong Size,3424.29
410,2828,2024-05-04 03:06:03,1,Not as described,78.65
411,19612,2025-03-13 18:44:06,4,Late Delivery,6635.84
412,1304,2024-04-11 11:58:33,1,Wrong Size,1831.24
413,3829,2025-04-29 01:01:31,1,Damaged,1574.23
414,2465,2025-07-29 02:22:13,4,Wrong Size,5582.08
415,34119,2024-09-27 06:44:48,1,Damaged,871.85
416,20379,2024-07-21 01:42:59,2,Not as described,1683.88
417,6844,2025-04-07 00:10:18,1,Damaged,1777.94
418,4975,2025-03-23 03:44:28,2,No longer needed,1158.84
419,11618,2024-05-23 03:54:57,2,Late Delivery,2717.04
420,9456,2025-05-05 21:00:47,2,Not as described,3482.8
421,37061,2024-04-20 05:19:18,3,Damaged,5470.83
422,28637,2024-05-19 20:46:07,2,Late Delivery,3566.62
423,28374,2025-04-22 19:07:21,1,Not as described,209.66
424,3132,2024-09-30 21:36:26,1,Damaged,511.66
425,7022,2025-09-02 20:41:13,3,Wrong Size,4160.28
426,32602,2025-04-10 18:50:21,2,Not as described,1725.5
427,19551,2024-10-03 15:10:40,1,Late Delivery,1712.13
428,12036,2024-11-23 21:01:51,1,Late Delivery,632.15
429,11401,2025-01-15 10:49:48,2,Wrong Size,614.46
430,2564,2025-07-13 23:49:26,1,Late Delivery,898.91
431,4314,2025-09-27 19:00:05,1,Late Delivery,813.43
432,26432,2024-05-19 01:24:25,4,Not as described,5994.36
433,26114,2025-01-14 00:39:41,1,Not as described,766.05
434,1029,2024-01-24 14:39:26,1,Damaged,537.33
435,33907,2025-07-04 15:51:23,2,Wrong Size,1371.14
436,32876,2025-04-30 11:10:39,1,Wrong Size,1406.13
437,9788,2024-11-30 04:43:06,4,Late Delivery,2373.52
438,23328,2025-04-30 09:39:22,1,No longer needed,1723.9
439,8753,2024-08-06 00:00:30,5,Wrong Size,3247.05
440,8434,2025-02-10 22:42:09,1,Damaged,1817.64
441,6076,2025-05-10 02:51:04,1,Damaged,1619.46
442,5634,2024-07-29 02:26:02,1,Damaged,630.54
443,7156,2024-07-04 18:54:19,3,Not as described,4528.26
444,29587,2025-04-28 12:00:13,1,Damaged,1547.42
445,10455,2025-09-07 18:25:08,2,Not as described,3026.6
446,14538,2024-03-03 20:01:39,1,No longer needed,1467.3
447,718,2024-02-03 21:45:59,1,Not as described,159.3
448,36147,2025-07-23 14:21:34,1,Damaged,1882.38
449,18594,2025-05-19 09:20:06,1,No longer needed,612.63
450,20958,2024-11-12 06:56:52,4,Late Delivery,4702.76
451,4929,2025-05-18 23:28:58,1,No longer needed,1407.09
452,3328,2025-01-12 02:43:45,1,Late Delivery,1406.13
453,17258,2024-08-13 08:44:49,1,No longer needed,1556.55
454,7306,2025-01-10 07:55:24,3,Wrong Size,1708.44
455,34256,2025-02-10 13:31:21,2,Wrong Size,2590.34
456,1875,2025-06-28 06:42:12,4,Late Delivery,4047.2
457,28779,2025-06-25 23:37:39,1,Late Delivery,86.5
458,2141,2024-04-27 20:44:30,4,Damaged,2050.12
459,8579,2025-07-16 03:37:25,4,Damaged,5406.48
460,18087,2024-10-08 21:40:47,4,Not as described,6130.28
461,15014,2025-03-22 02:37:40,4,No longer needed,5255.08
462,13765,2024-11-18 00:08:12,1,Not as described,935.73
463,29148,2024-08-30 17:00:04,5,Wrong Size,5979.45
464,33214,2024-04-01 20:55:11,2,Not as described,3538.82
465,29626,2024-08-11 20:12:15,3,Late Delivery,2843.94
466,27037,2025-08-27 14:12:18,1,Wrong Size,551.02
467,18665,2024-02-13 21:18:27,1,No longer needed,649.48
468,31017,2025-08-17 05:24:10,1,Damaged,1137.37
469,17619,2024-11-10 05:52:59,1,Late Delivery,1006.57
470,20978,2025-09-08 03:58:56,2,Late Delivery,2508.74
471,27740,2024-08-01 22:23:44,1,Wrong Size,903.81
472,26880,2024-06-20 11:19:57,5,Wrong Size,8940.25
473,16814,2024-02-29 10:54:57,5,Wrong Size,4519.05
474,26942,2024-09-18 20:53:14,1,Damaged,172.21
475,20472,2024-06-21 19:46:56,1,Not as described,1323.52
476,28651,2024-09-29 09:11:15,1,Damaged,597.36
477,27684,2025-06-17 07:43:19,4,Damaged,2046.64
478,33413,2025-07-21 01:17:27,1,No longer needed,1450.87
479,32043,2024-08-09 07:53:27,2,No longer needed,1931.22
480,18710,2025-07-22 11:21:29,2,Late Delivery,3416.1
481,8425,2024-10-11 00:16:51,1,Late Delivery,610.29
482,24082,2024-11-04 12:39:11,2,Wrong Size,437.26
483,23927,2024-05-31 20:46:11,1,No longer needed,128.89
484,20628,2025-04-05 18:31:07,2,Damaged,2154.88
485,19317,2024-06-05 01:23:29,1,Not as described,272.23
486,29918,2024-10-10 09:38:18,4,Late Delivery,4565.72
487,15274,2024-10-04 06:10:14,2,Damaged,141.24
488,13784,2024-07-17 04:22:49,1,Wrong Size,375.73
489,30946,2024-11-19 12:32:12,1,Late Delivery,1775.79
490,28191,2025-01-02 11:16:30,1,No longer needed,152.42
491,37264,2025-08-24 13:35:27,2,Late Delivery,2571.5
492,17883,2024-07-01 18:07:08,2,Late Delivery,1717.24
493,37055,2024-02-07 16:10:14,1,No longer needed,1146.21
494,21072,2024-09-05 03:51:45,1,Late Delivery,455.29
495,16645,2025-03-31 04:16:09,1,No longer needed,1368.94
496,24127,2025-01-25 00:06:16,1,Not as described,52.38
497,22649,2024-03-13 06:24:46,1,No longer needed,1981.45
498,10608,2024-02-10 19:38:02,1,No longer needed,1137.37
499,2527,2025-04-05 11:54:19,4,Damaged,5789.72
500,4282,2025-08-27 13:36:10,1,No longer needed,1834.26
501,35957,2024-06-22 11:56:06,1,Not as described,947.98
502,18254,2024-02-23 02:54:37,5,Damaged,761.6
503,1006,2024-09-21 03:20:12,2,Wrong Size,1346.08
504,704,2025-08-14 02:10:57,4,No longer needed,6562.04
505,16241,2025-09-16 13:17:14,1,Late Delivery,970.77
506,18859,2025-04-30 11:56:44,2,Damaged,2647.48
507,34883,2024-05-24 19:05:54,3,Damaged,2691.51
508,1439,2024-08-17 22:31:51,1,Not as described,1852.03
509,1765,2024-03-28 11:11:42,2,Not as described,155.7
510,16316,2025-05-16 15:49:38,1,Wrong Size,1409.0
511,25883,2025-08-30 14:25:23,2,Wrong Size,2345.72
512,36756,2024-09-10 10:26:08,1,Late Delivery,654.55
513,11612,2025-08-01 23:59:34,1,Late Delivery,1479.23
514,3330,2024-12-16 02:43:45,1,Not as described,897.17
515,19445,2025-08-29 20:19:55,1,Wrong Size,1770.9
516,17509,2024-06-23 15:57:16,5,Damaged,8887.6
517,9775,2024-05-21 22:15:56,4,Wrong Size,1962.84
518,20334,2024-11-08 15:07:32,2,Wrong Size,3084.88
519,14778,2025-06-23 01:16:49,1,Not as described,1428.61
520,15183,2025-09-14 05:33:38,4,Damaged,5041.96
521,23074,2024-05-03 01:49:52,4,Wrong Size,7103.16
522,30521,2024-02-25 07:39:33,3,Wrong Size,852.57
523,25162,2024-05-10 18:31:47,5,No longer needed,2195.25
524,25080,2025-04-15 23:51:18,1,Not as described,522.37
525,30791,2025-02-11 14:52:24,2,Late Delivery,1908.42
526,1534,2024-05-08 10:44:11,4,No longer needed,2618.2
527,13526,2024-03-09 02:48:44,1,Late Delivery,1763.3
528,19471,2024-07-23 13:49:56,3,No longer needed,454.89
529,11566,2024-09-18 10:50:39,1,Not as described,612.63
530,24276,2024-08-25 15:59:58,1,No longer needed,1520.76
531,17420,2024-05-30 14:10:00,2,Not as described,2631.4
532,19933,2024-09-07 02:47:10,1,Wrong Size,1294.19
533,11427,2025-04-01 04:40:44,1,No longer needed,1249.91
534,19385,2024-11-23 17:55:42,3,No longer needed,508.05
535,23772,2024-12-16 06:09:27,5,Wrong Size,1630.95
536,15241,2025-07-30 07:36:06,1,Late Delivery,1560.56
537,21421,2025-06-05 22:31:37,3,Late Delivery,2751.99
538,3080,2024-05-07 11:18:35,3,No longer needed,5398.86
539,28460,2024-04-13 03:48:19,2,Not as described,1739.4
540,35601,2024-10-26 15:36:24,3,Wrong Size,4139.52
541,20270,2025-01-09 23:37:28,2,No longer needed,318.6
542,14661,2024-11-16 16:40:04,4,Late Delivery,637.2
543,4221,2024-02-01 10:02:15,1,No longer needed,335.92
544,12788,2025-06-05 07:50:53,4,No longer needed,3757.72
545,16576,2024-01-22 19:33:29,1,Late Delivery,649.41
546,14093,2025-08-30 14:16:21,2,Late Delivery,2647.48
547,34699,2024-06-14 17:17:04,3,Wrong Size,5234.01
548,11488,2025-08-23 13:23:31,4,Late Delivery,1806.72
549,16044,2024-06-09 11:11:13,2,Wrong Size,528.64
550,18368,2024-09-09 09:40:13,2,Wrong Size,2483.0
551,29091,2025-08-13 01:27:09,2,Not as described,1894.04
552,13132,2024-11-13 04:17:06,1,Not as described,1754.56
553,11185,2024-04-04 06:08:13,2,No longer needed,1430.44
554,25674,2025-02-15 03:10:05,3,Not as described,3655.5
555,22024,2024-11-23 13:17:40,1,Not as described,1554.83
556,36676,2024-12-08 17:40:03,1,Not as described,1114.64
557,9464,2024-10-27 04:11:09,1,Wrong Size,169.24
558,36516,2025-05-06 21:51:59,2,Damaged,593.04
559,16274,2024-06-28 17:37:00,1,Wrong Size,638.45
560,27637,2024-04-06 00:51:10,4,Wrong Size,4366.44
561,30264,2024-06-26 00:52:22,1,Late Delivery,735.54
562,14843,2025-03-17 17:33:04,3,No longer needed,4532.67
563,15595,2025-05-30 02:26:04,4,Damaged,1616.44
564,10380,2024-09-20 22:38:30,5,Damaged,6382.2
565,23069,2024-05-29 00:28:58,2,Late Delivery,2268.9
566,23183,2025-02-04 20:28:46,2,Wrong Size,1471.08
567,25248,2024-06-13 09:45:17,4,Damaged,333.96
568,32259,2024-10-01 01:20:10,2,Damaged,1255.46
569,2363,2024-03-29 20:26:48,3,Late Delivery,5443.89
570,7674,2024-07-23 22:14:00,2,Wrong Size,3672.98
571,6393,2024-12-01 09:26:05,2,Wrong Size,2089.46
572,19665,2025-09-26 07:55:55,1,Wrong Size,947.98
573,10234,2025-05-26 14:16:19,1,Wrong Size,1226.07
574,3855,2025-03-16 13:57:51,1,No longer needed,945.27
575,33946,2024-03-07 07:11:17,2,Damaged,2104.74
576,35071,2024-05-09 18:39:30,4,Damaged,655.6
577,27167,2024-01-27 23:59:14,5,No longer needed,3365.2
578,31541,2024-04-01 18:26:05,3,Damaged,1896.45
579,22285,2025-08-21 23:26:08,1,Damaged,1560.21
580,14937,2024-11-26 15:20:22,3,Not as described,3109.98
581,17437,2024-08-03 05:55:51,2,Damaged,1098.52
582,7753,2025-03-24 10:27:10,2,Not as described,2347.94
583,22589,2025-03-27 06:33:21,1,No longer needed,1619.46
584,8224,2025-03-21 22:42:11,5,Damaged,248.8
585,23314,2024-08-14 22:42:48,2,Not as described,3289.32
586,25392,2024-05-11 09:14:44,1,Damaged,90.0
587,27533,2024-12-04 23:58:44,2,Not as described,2152.6
588,9419,2025-06-23 00:38:34,1,Late Delivery,1358.52
589,172,2025-10-04 19:22:41,2,No longer needed,2919.5
590,21883,2024-12-17 01:57:05,2,Not as described,1779.96
591,9212,2024-03-17 21:10:01,1,Damaged,649.41
592,27541,2025-07-03 19:07:30,5,Late Delivery,6355.9
593,28683,2025-08-20 07:21:27,2,Late Delivery,808.22
594,1637,2024-10-20 11:21:10,5,No longer needed,6207.5
595,19850,2024-10-05 16:02:55,3,No longer needed,5327.37
596,7278,2024-05-17 22:47:34,1,Not as described,890.27
597,34334,2025-04-02 01:58:50,2,Not as described,774.0
598,13461,2024-04-12 16:52:19,3,No longer needed,4671.24
599,9172,2024-05-27 08:00:20,1,Not as described,1486.78
600,15319,2025-02-08 19:41:05,1,Late Delivery,152.42
601,4889,2025-06-13 16:50:51,4,No longer needed,2528.6
602,13222,2025-03-05 11:50:50,1,Late Delivery,1523.0
603,14929,2024-09-05 19:11:45,2,Late Delivery,2965.52
604,16994,2025-06-07 07:34:46,1,Wrong Size,543.89
605,35999,2025-06-13 23:49:17,1,Damaged,1834.26
606,27888,2024-09-07 20:36:12,2,Not as described,631.54
607,8915,2024-05-02 05:03:29,1,No longer needed,128.89
608,33125,2024-10-07 20:43:02,3,Wrong Size,5393.85
609,36229,2025-04-06 18:04:37,1,Not as described,1583.73
610,17044,2024-12-26 10:33:59,3,Not as described,1410.39
611,5256,2025-08-15 11:44:02,4,Not as described,3883.08
612,28099,2025-05-19 04:45:11,2,Damaged,288.1
613,10739,2024-12-28 18:26:02,2,Damaged,3555.04
614,8989,2024-03-18 20:45:51,1,Late Delivery,1134.45
615,20553,2024-06-05 23:02:44,1,Not as described,1406.13
616,22056,2024-01-15 23:42:58,1,No longer needed,1368.94
617,10272,2024-10-26 19:23:30,4,Wrong Size,1890.92
618,36865,2025-03-28 09:48:15,1,Damaged,217.98
619,19238,2024-04-27 13:32:31,1,Late Delivery,655.29
620,11937,2025-03-24 13:38:40,2,No longer needed,2647.04
621,878,2024-11-26 07:23:26,3,No longer needed,4534.8
622,1985,2025-02-20 10:30:35,1,Wrong Size,1561.02
623,35370,2024-07-19 08:20:39,2,Late Delivery,1264.3
624,12379,2025-09-20 02:22:43,3,Late Delivery,3947.16
625,19924,2024-09-04 02:30:40,1,Late Delivery,193.54
626,10142,2025-03-25 09:52:36,1,Damaged,1868.94
627,22578,2024-02-05 13:17:05,1,No longer needed,1510.69
628,5940,2024-08-12 00:33:06,4,Damaged,6848.0
629,2990,2024-12-27 06:47:49,1,No longer needed,1864.1
630,12043,2025-06-30 20:54:58,5,Wrong Size,1582.9
631,22999,2024-10-22 18:55:44,1,Damaged,1480.99
632,18311,2025-04-28 02:16:18,5,Wrong Size,1512.4
633,30288,2025-03-27 18:51:53,2,Late Delivery,2665.78
634,25271,2024-03-21 21:56:28,1,Not as described,632.15
635,20262,2024-02-27 18:40:54,4,Damaged,575.4
636,7733,2025-04-25 15:44:48,3,Wrong Size,5443.89
637,796,2024-12-21 23:23:05,1,Damaged,1487.6
638,32248,2025-05-19 05:02:23,3,Damaged,3482.01
639,3356,2024-11-14 04:37:26,1,No longer needed,744.53
640,14644,2024-06-08 02:29:14,4,Wrong Size,6935.84
641,21092,2025-01-30 21:19:44,1,Damaged,1412.33
642,24522,2024-12-14 23:22:24,1,Not as described,1134.45
643,37330,2024-03-15 07:31:32,1,Late Delivery,1913.93
644,36956,2025-05-29 02:21:37,3,Not as described,4552.68
645,24917,2024-03-31 00:56:38,1,Damaged,169.24
646,1690,2025-08-05 18:49:07,1,Wrong Size,522.79
647,19662,2024-04-12 03:41:32,2,Wrong Size,1652.42
648,27515,2025-06-21 15:51:57,1,Late Delivery,1775.79
649,24184,2024-03-08 16:52:44,3,Damaged,4671.24
650,31642,2024-03-20 23:23:21,2,No longer needed,440.04
651,18623,2024-02-20 05:18:03,1,Not as described,504.69
652,35724,2025-01-25 17:42:29,2,Damaged,2666.26
653,9288,2024-02-12 23:29:38,1,Wrong Size,882.78
654,314,2024-02-05 10:58:15,2,Not as described,3236.3
655,15654,2025-08-31 19:45:28,4,Late Delivery,643.52
656,9945,2025-09-07 21:18:04,3,Wrong Size,3829.32
657,36744,2025-08-20 20:17:22,3,Late Delivery,1772.52
658,36463,2024-02-15 07:26:30,5,Wrong Size,2613.95
659,32663,2025-06-14 08:05:52,5,Late Delivery,7113.8
660,29194,2024-12-04 04:05:17,4,Late Delivery,1174.28
661,20716,2024-12-19 11:01:25,4,Damaged,487.84
662,13387,2024-10-24 08:10:42,3,Not as described,4090.02
663,35101,2024-12-06 07:34:13,3,Damaged,3059.28
664,20352,2025-03-01 05:07:55,1,Late Delivery,614.68
665,30178,2024-07-06 09:16:18,1,Not as described,296.52
666,18642,2025-04-19 00:28:59,3,Damaged,5398.86
667,37207,2024-11-01 20:32:18,1,Wrong Size,220.7
668,5947,2025-03-18 01:21:28,2,Wrong Size,1374.62
669,18950,2025-08-06 02:38:42,1,Late Delivery,123.07
670,35970,2025-08-30 15:01:19,1,Not as described,293.57
671,10446,2024-05-24 20:50:04,1,Not as described,697.48
672,11137,2024-06-03 02:13:41,3,Damaged,235.95
673,6208,2025-06-07 14:07:35,2,Late Delivery,2666.26
674,19846,2024-08-30 03:56:16,5,Damaged,6076.7
675,11856,2025-03-23 12:32:37,1,Not as described,283.62
676,25868,2025-02-15 20:28:18,3,Wrong Size,1534.98
677,3113,2024-07-01 16:56:58,1,Late Delivery,1271.18
678,35692,2025-01-01 22:45:39,2,Damaged,1590.74
679,13587,2025-04-29 06:54:46,1,Damaged,684.7
680,495,2024-05-29 18:47:59,1,No longer needed,669.23
681,18471,2024-04-01 19:59:38,1,Damaged,1094.25
682,37382,2025-01-04 10:35:28,2,Late Delivery,528.64
683,21556,2024-10-12 05:15:03,1,Not as described,276.53
684,17012,2025-06-30 08:45:33,1,Not as described,1345.04
685,4328,2025-02-08 16:51:24,3,No longer needed,1896.45
686,8269,2024-02-03 10:43:12,3,Not as described,1489.95
687,3616,2024-10-13 13:05:29,1,Wrong Size,1154.47
688,17684,2025-07-04 20:16:43,3,Not as described,5509.47
689,32011,2024-04-04 13:00:20,1,Damaged,1384.97
690,2971,2025-07-18 23:17:28,4,No longer needed,6351.24
691,36634,2024-10-02 13:12:10,1,Late Delivery,1887.88
692,2172,2024-04-17 21:19:11,2,No longer needed,1149.2
693,19844,2024-07-17 09:01:52,1,Damaged,1981.26
694,30669,2024-02-05 00:50:39,2,Damaged,2527.5
695,36254,2025-07-05 06:49:22,1,Not as described,1259.17
696,9989,2024-10-17 20:33:03,1,Not as described,264.32
697,24846,2025-10-02 12:14:00,3,Wrong Size,5787.39
698,6483,2024-07-24 19:20:37,1,Damaged,339.34
699,37164,2024-09-13 01:39:25,3,Late Delivery,2912.31
700,23452,2024-05-27 16:15:43,3,Wrong Size,3482.01
701,17881,2025-04-29 13:23:04,3,Wrong Size,161.76
702,10476,2024-03-03 11:25:00,4,Late Delivery,2031.2
703,23845,2024-11-05 07:54:15,1,Wrong Size,1797.95
704,33839,2025-01-30 13:31:12,1,Not as described,844.74
705,34290,2025-04-08 08:33:38,2,No longer needed,1430.44
706,32187,2024-01-31 06:18:52,2,Not as described,1356.42
707,3388,2025-01-26 16:36:29,4,No longer needed,5085.84
708,26782,2024-05-11 22:46:42,3,No longer needed,4786.32
709,7816,2024-08-26 15:08:49,3,Late Delivery,4183.29
710,10345,2024-11-08 10:23:47,1,Wrong Size,1169.3
711,31469,2024-04-16 10:38:47,4,Late Delivery,761.68
712,15042,2024-02-12 21:44:19,5,Late Delivery,2611.85
713,20679,2025-03-05 18:50:52,2,Wrong Size,2815.4
714,17724,2024-08-01 14:03:43,1,Late Delivery,600.54
715,16290,2024-09-21 09:17:01,1,No longer needed,890.27
716,10459,2024-11-20 01:23:09,1,Wrong Size,945.27
717,35313,2024-02-07 13:34:20,1,No longer needed,1455.51
718,36166,2024-05-17 20:39:52,2,Wrong Size,1295.18
719,37028,2024-12-14 21:51:56,1,Damaged,1523.0
720,30490,2024-07-11 10:55:41,2,Wrong Size,2882.5
721,28385,2024-06-16 23:06:18,3,No longer needed,771.33
722,23288,2024-11-21 14:13:24,3,No longer needed,4763.43
723,20473,2025-01-02 23:51:50,4,No longer needed,6151.88
724,11291,2024-09-01 23:46:35,5,No longer needed,6811.5
725,9072,2025-01-17 10:33:11,1,No longer needed,958.61
726,21794,2024-08-29 22:34:27,2,Damaged,2345.72
727,21150,2024-08-22 10:30:02,1,No longer needed,1464.65
728,25878,2024-09-21 13:07:51,2,No longer needed,3238.92
729,31012,2024-11-20 05:08:30,1,Damaged,584.21
730,14523,2024-08-26 21:09:05,1,Late Delivery,1783.9
731,20558,2024-12-01 04:10:34,1,Late Delivery,551.02
732,22141,2024-12-28 14:05:40,2,Wrong Size,2901.74
733,21594,2024-07-01 15:17:13,3,Late Delivery,4589.04
734,34550,2024-12-19 09:06:25,1,No longer needed,612.63
735,17862,2024-04-07 02:41:14,4,Not as described,3880.88
736,5992,2024-03-14 10:04:20,1,Damaged,638.45
737,20319,2025-02-27 01:02:11,2,Damaged,3094.84
738,17878,2025-04-30 13:23:04,2,No longer needed,2392.42
739,18445,2024-02-11 16:59:40,1,Damaged,1633.17
740,2270,2025-06-30 23:14:51,1,No longer needed,1338.84
741,29361,2025-09-03 01:55:02,2,Damaged,2638.1
742,24938,2025-07-27 10:27:00,2,No longer needed,903.36
743,22318,2025-06-17 20:14:54,2,Late Delivery,1068.08
744,23189,2024-09-17 16:50:26,3,Not as described,3110.94
745,25381,2024-07-05 04:12:57,2,Not as described,857.98
746,25656,2025-08-24 22:55:03,1,No longer needed,237.89
747,17872,2024-08-09 00:34:30,2,No longer needed,1691.52
748,10048,2024-09-03 02:22:15,2,Damaged,1940.44
749,5522,2025-06-29 08:49:04,2,Late Delivery,2802.74
750,2254,2025-09-27 13:44:42,1,Damaged,1233.24
751,1069,2024-03-05 09:00:37,4,Late Delivery,3669.32
752,16992,2025-06-03 07:34:46,2,Not as described,3686.58
753,9064,2025-05-11 03:25:53,1,Not as described,888.94
754,22419,2024-10-11 11:43:41,1,Damaged,1929.13
755,21330,2025-06-05 11:42:40,2,No longer needed,3793.26
756,22490,2025-09-02 13:14:05,2,Damaged,360.0
757,8235,2024-10-29 23:26:29,3,Late Delivery,4004.52
758,25097,2024-03-30 10:17:04,2,Not as described,2973.56
759,32131,2024-10-03 02:41:02,1,Late Delivery,1160.9
760,21858,2025-03-26 21:48:25,5,Wrong Size,1778.4
761,28831,2024-06-27 02:23:23,5,No longer needed,7512.65
762,8770,2024-11-15 02:09:27,1,Late Delivery,1302.28
763,22228,2025-02-08 17:01:10,5,Wrong Size,7672.15
764,19680,2025-05-27 23:26:40,2,Wrong Size,3551.58
765,4407,2025-05-15 16:13:48,3,Damaged,3244.74
766,31563,2024-03-21 14:57:50,1,Not as described,1236.68
767,22773,2025-05-24 21:31:34,3,Damaged,482.64
768,32144,2025-02-01 18:16:39,1,Damaged,465.24
769,16915,2024-12-27 17:19:54,4,Not as described,4783.56
770,16719,2024-04-16 11:53:31,2,Late Delivery,1651.36
771,1683,2025-05-16 17:26:51,1,Wrong Size,59.98
772,10084,2025-07-18 23:38:53,2,Late Delivery,346.7
773,24018,2024-10-31 04:07:28,1,No longer needed,1157.96
774,2091,2024-03-14 21:09:35,2,Damaged,3962.52
775,21509,2025-02-01 06:18:12,1,No longer needed,66.65
776,12324,2025-01-17 20:08:03,4,No longer needed,235.92
777,23240,2025-09-28 12:44:47,1,No longer needed,448.6
778,4513,2025-09-07 14:37:14,2,Wrong Size,2723.94
779,14275,2024-06-29 18:44:34,3,No longer needed,2534.22
780,11172,2025-07-10 11:05:13,1,Damaged,846.17
781,15166,2024-03-28 14:22:34,5,Not as described,9073.15
782,33681,2024-12-19 08:59:19,1,No longer needed,1682.05
783,29674,2024-07-19 15:08:07,2,Not as described,2803.88
784,32262,2024-08-01 17:33:26,1,Late Delivery,339.34
785,33420,2024-03-12 15:40:34,3,Wrong Size,2092.44
786,19811,2024-05-01 19:34:32,1,Late Delivery,626.26
787,33711,2024-07-20 17:43:12,1,Wrong Size,63.56
788,3076,2024-12-14 06:15:49,2,Late Delivery,166.98
789,19860,2024-09-24 12:41:29,1,Damaged,1384.97
790,24133,2025-05-17 11:47:36,1,Damaged,802.5
791,30518,2025-03-01 08:01:29,3,Late Delivery,2875.83
792,27787,2024-10-15 16:44:39,2,Late Delivery,742.6
793,1004,2024-10-11 03:20:12,1,Damaged,269.09
794,19360,2024-04-03 14:15:27,1,Damaged,1311.46
795,16768,2024-04-03 07:09:06,1,No longer needed,327.07
796,12967,2024-09-20 05:32:32,1,Not as described,618.58
797,31578,2025-02-08 17:04:02,3,Wrong Size,4187.94
798,31841,2025-03-19 09:16:12,3,No longer needed,1896.45
799,6030,2025-08-30 22:27:41,2,No longer needed,475.78
800,12330,2025-03-18 05:55:08,1,No longer needed,1520.76
801,7677,2024-08-14 22:14:00,1,No longer needed,954.21
802,14493,2024-07-20 14:34:56,2,Wrong Size,1243.64
803,9404,2024-01-16 19:09:35,1,Damaged,85.5
804,23348,2024-10-15 22:48:31,1,Wrong Size,462.31
805,31037,2025-01-31 17:24:53,3,No longer needed,2580.09
806,29506,2024-05-04 05:20:25,1,Wrong Size,1413.66
807,29032,2024-07-26 10:25:13,1,No longer needed,1394.43
808,4312,2024-11-16 05:47:12,1,Wrong Size,1481.79
809,20048,2025-08-02 15:44:37,4,Late Delivery,5593.72
810,11561,2024-07-24 10:05:01,3,Not as described,2369.55
811,30067,2024-02-25 18:02:45,4,Damaged,1958.92
812,11319,2024-06-19 16:40:37,1,Wrong Size,1739.68
813,33455,2024-05-07 19:00:35,2,Damaged,2520.98
814,27506,2024-03-14 06:55:43,5,Not as described,5707.15
815,31211,2024-05-13 09:22:58,2,No longer needed,2048.08
816,31308,2025-02-23 09:35:50,2,Late Delivery,1140.56
817,16361,2024-03-02 20:45:57,4,Wrong Size,7571.24
818,13830,2024-08-25 01:59:21,4,No longer needed,6728.2
819,18976,2024-11-26 03:29:32,3,No longer needed,1468.5
820,8043,2025-02-10 15:02:05,1,No longer needed,1627.39
821,32558,2025-04-14 22:45:51,1,Damaged,993.5
822,16916,2024-02-04 23:23:14,1,Wrong Size,1544.53
823,7860,2024-09-14 06:23:01,3,Late Delivery,1941.09
824,30179,2024-07-06 09:16:18,3,Wrong Size,3947.1
825,34194,2024-11-26 14:56:27,1,No longer needed,52.38
826,10968,2025-09-22 02:26:00,2,Late Delivery,2253.46
827,34965,2025-03-11 07:32:20,1,Damaged,1118.34
828,1817,2024-11-10 04:04:08,2,Damaged,975.66
829,11191,2025-01-19 17:11:04,1,Wrong Size,798.85
830,5696,2024-06-30 13:36:47,1,No longer needed,161.86
831,8961,2024-08-27 17:52:21,3,No longer needed,1326.09
832,35382,2025-01-15 23:42:13,1,Not as described,1526.03
833,29474,2024-12-02 16:39:40,1,Damaged,128.89
834,25905,2024-05-06 17:25:45,5,Wrong Size,7722.65
835,33361,2025-03-28 00:16:22,1,Not as described,1027.5
836,16101,2024-10-01 12:08:47,1,Wrong Size,1987.24
837,30047,2024-06-23 22:58:48,4,Damaged,2337.88
838,20616,2025-04-19 00:37:57,2,Not as described,1711.16
839,31722,2025-08-18 23:37:50,2,Late Delivery,147.04
840,34901,2025-07-01 08:28:57,1,No longer needed,1480.99
841,26444,2024-11-17 10:31:22,2,Wrong Size,2483.0
842,5609,2024-08-05 18:38:56,2,Late Delivery,3722.26
843,22232,2024-06-06 14:01:46,1,No longer needed,163.9
844,187,2024-03-12 12:30:17,2,Damaged,2317.68
845,13084,2024-02-06 15:06:15,1,Damaged,1814.63
846,29452,2025-09-30 11:13:37,1,Wrong Size,626.88
847,3524,2025-05-31 02:41:33,1,Not as described,1823.61
848,30598,2024-10-17 15:26:52,1,Wrong Size,1641.79
849,12956,2025-03-26 09:54:38,2,Late Delivery,2991.66
850,30429,2024-11-06 02:27:13,1,Late Delivery,946.22
851,35068,2025-05-09 02:00:00,1,Not as described,533.49
852,6269,2024-10-22 04:51:09,2,Wrong Size,133.3
853,4197,2024-10-12 22:58:51,1,Late Delivery,766.05
854,12909,2024-06-02 00:51:57,1,Wrong Size,758.91
855,26920,2024-09-25 16:47:47,2,Not as described,906.94
856,21761,2025-05-25 02:19:36,2,Late Delivery,582.22
857,7966,2024-09-18 16:29:51,1,Wrong Size,741.07
858,4788,2025-05-25 21:03:46,1,Wrong Size,760.27
859,30074,2024-03-17 08:12:19,2,Late Delivery,1683.88
860,8558,2024-03-16 01:45:44,3,Wrong Size,3619.62
861,14066,2025-09-19 03:11:38,4,Not as described,2953.2
862,21040,2024-05-21 04:15:37,3,No longer needed,3681.03
863,33268,2024-06-23 03:04:04,1,Late Delivery,826.21
864,8771,2024-11-28 02:09:27,1,No longer needed,1407.09
865,36738,2024-09-02 04:01:49,2,No longer needed,964.82
866,20310,2025-07-19 15:01:36,1,Late Delivery,276.53
867,17372,2025-07-20 23:12:11,5,Not as described,2818.55
868,32503,2025-05-29 15:18:49,1,Late Delivery,1333.13
869,29781,2024-06-15 19:37:06,1,Damaged,1014.06
870,36915,2024-06-08 10:35:31,2,No longer needed,819.52
871,20079,2025-06-08 03:12:56,2,No longer needed,2483.0
872,35327,2024-04-10 12:28:20,1,Wrong Size,689.78
873,13303,2024-04-22 01:48:12,2,Damaged,1489.06
874,1737,2024-03-19 13:06:42,1,Late Delivery,777.05
875,25954,2025-05-13 19:07:33,1,Late Delivery,1831.24
876,19257,2024-03-28 15:09:30,1,Late Delivery,376.78
877,26363,2024-02-04 02:39:58,2,No longer needed,134.18
878,3707,2024-03-21 11:50:37,1,Damaged,1712.13
879,23217,2025-04-19 22:22:44,1,Not as described,434.91
880,4660,2025-07-20 11:24:33,3,Late Delivery,5452.92
881,35168,2025-04-19 23:00:09,2,Late Delivery,150.28
882,15093,2025-02-28 23:38:10,3,Damaged,4495.77
883,11985,2024-03-10 08:33:58,4,Not as described,555.72
884,8775,2025-08-27 08:03:47,3,No longer needed,3619.62
885,4106,2025-05-18 03:34:05,3,Not as described,149.28
886,18507,2024-01-14 11:02:41,3,Damaged,893.28
887,34860,2025-08-24 10:36:07,1,Late Delivery,1777.52
888,10406,2024-11-27 07:32:41,3,Wrong Size,442.53
889,5645,2024-11-07 14:20:42,2,Wrong Size,164.36
890,7856,2024-01-20 13:47:53,2,No longer needed,3551.58
891,9809,2024-09-11 05:15:38,1,Late Delivery,1241.5
892,2476,2024-07-26 06:34:13,3,Late Delivery,3947.16
893,24567,2025-06-01 21:01:56,2,Damaged,3220.78
894,6981,2025-06-12 07:33:48,1,Wrong Size,376.6
895,6594,2025-01-16 04:28:33,1,Late Delivery,190.42
896,2949,2024-02-20 20:18:08,1,Wrong Size,522.37
897,21525,2024-06-16 10:46:15,1,Late Delivery,1626.84
898,15806,2025-04-17 10:31:26,4,Damaged,7208.4
899,26757,2024-02-18 04:45:23,2,Damaged,1652.42
900,5454,2024-10-08 19:57:16,4,Wrong Size,661.44
901,3013,2025-02-25 09:04:05,4,Wrong Size,4860.52
902,14448,2025-09-18 22:33:33,4,Wrong Size,1590.84
903,3693,2024-03-07 01:16:21,4,Late Delivery,3604.92
904,19106,2024-06-22 00:00:48,3,Damaged,2353.2
905,32141,2025-02-15 18:16:39,1,Damaged,603.83
906,6069,2024-10-26 19:42:21,1,Late Delivery,1036.66
907,28118,2024-07-05 04:05:59,3,No longer needed,2329.23
908,29306,2024-08-22 07:41:32,3,No longer needed,1332.03
909,9054,2025-03-20 13:55:49,3,Late Delivery,3955.35
910,30474,2025-05-21 21:39:02,1,Damaged,755.26
911,24005,2024-07-06 11:50:09,1,Wrong Size,549.26
912,28103,2025-05-26 09:31:21,4,Wrong Size,6756.6
913,11609,2025-05-23 05:12:17,5,No longer needed,3841.2
914,35035,2024-07-08 14:11:04,4,Late Delivery,4717.68
915,26452,2025-05-30 20:26:43,1,Damaged,404.36
916,5864,2024-12-12 14:30:53,1,Late Delivery,869.7
917,26132,2025-01-29 01:54:03,2,Damaged,1537.32
918,189,2024-07-18 09:02:24,3,No longer needed,1991.19
919,9117,2024-10-20 13:33:01,3,Not as described,2525.82
920,12288,2025-01-13 11:58:22,2,No longer needed,1071.8
921,13757,2024-04-22 21:23:01,5,Wrong Size,7648.4
922,27882,2024-12-17 17:47:35,5,Damaged,6321.8
923,11267,2024-05-12 06:48:28,1,Wrong Size,1693.57
924,30891,2024-10-13 20:40:42,5,No longer needed,1361.15
925,7574,2025-07-08 15:31:42,4,Damaged,5498.6
926,23203,2024-12-19 04:54:44,2,No longer needed,1261.2
927,2782,2025-08-22 12:29:00,1,Wrong Size,711.36
928,29999,2025-01-23 12:07:10,1,Wrong Size,429.1
929,29281,2024-02-12 20:37:47,2,Wrong Size,1993.72
930,7942,2025-08-23 18:36:09,4,Wrong Size,3074.64
931,20357,2025-06-22 04:31:14,1,Not as described,954.21
932,18553,2024-05-05 13:05:42,1,Wrong Size,1428.61
933,25359,2025-07-25 13:16:21,3,Late Delivery,4603.29
934,3686,2024-08-09 21:34:14,1,Damaged,1688.24
935,11942,2025-04-10 00:32:56,1,Wrong Size,404.11
936,24850,2025-04-10 14:40:15,2,Damaged,1356.42
937,17634,2024-02-09 04:02:31,2,No longer needed,3025.54
938,1565,2024-05-31 12:03:30,4,Late Delivery,1455.68
939,12162,2025-03-17 17:18:48,1,Not as described,879.57
940,13798,2025-05-04 10:42:15,2,Late Delivery,1821.36
941,23891,2024-12-24 07:46:52,1,No longer needed,507.8
942,7296,2024-04-14 05:42:49,1,Damaged,1680.85
943,17901,2025-09-08 04:44:14,2,Damaged,981.42
944,12708,2024-02-21 23:47:38,2,Not as described,3419.28
945,20404,2025-08-28 21:17:04,1,Damaged,630.6
946,23451,2024-05-26 16:15:43,2,Damaged,386.12
947,24851,2025-04-23 14:40:15,3,Wrong Size,2838.66
948,5038,2024-06-07 23:41:39,1,Late Delivery,1652.84
949,16839,2024-07-05 23:50:35,1,Wrong Size,44.52
950,36481,2024-04-17 23:32:16,3,Not as described,781.41
951,16731,2024-03-06 06:11:41,2,Damaged,3190.88
952,4183,2025-05-10 05:06:23,1,Damaged,1665.34
953,13055,2025-01-29 19:19:03,1,Wrong Size,1332.89
954,972,2025-08-08 08:36:28,1,Not as described,451.68
955,27615,2025-01-08 03:50:50,4,Damaged,4794.68
956,14938,2024-02-17 15:02:50,1,Wrong Size,1116.13
957,27089,2024-05-02 11:02:57,1,Late Delivery,544.56
958,18333,2025-05-19 18:48:05,1,Not as described,757.75
959,32772,2025-09-07 20:37:14,3,No longer needed,3560.76
960,27014,2024-11-19 07:02:05,1,Damaged,53.92
961,10415,2024-03-01 09:32:48,1,Damaged,1379.84
962,20789,2025-01-27 01:24:01,1,Wrong Size,296.52
963,21529,2024-01-28 22:45:08,1,Damaged,169.24
964,23272,2024-02-03 16:26:10,1,Not as described,1379.84
965,8477,2025-08-10 12:20:26,1,No longer needed,77.85
966,33372,2024-08-17 17:13:31,4,Late Delivery,6127.12
967,26379,2025-07-09 09:47:17,2,Damaged,338.7
968,15952,2025-08-11 17:27:49,5,Late Delivery,2363.65
969,9423,2025-05-27 11:38:16,1,Late Delivery,517.33
970,2312,2024-04-23 23:33:24,1,Damaged,996.86
971,28096,2025-05-28 03:06:58,2,Late Delivery,3405.72
972,7663,2025-06-21 07:01:32,3,No longer needed,3601.68
973,21775,2024-11-13 00:05:31,2,Damaged,3249.38
974,10115,2024-09-15 03:47:52,3,Wrong Size,3270.72
975,3801,2024-04-04 21:13:12,3,Damaged,5136.39
976,29551,2024-11-02 08:06:58,4,Damaged,2952.56
977,11586,2025-09-10 01:15:25,2,Not as described,277.86
978,33723,2025-07-23 00:14:08,1,Not as described,982.4
979,25115,2025-03-20 14:53:18,3,Damaged,1224.33
980,1112,2025-09-01 10:46:15,1,No longer needed,428.99
981,25667,2024-12-25 02:19:25,2,No longer needed,528.64
982,23967,2024-10-18 02:54:28,2,No longer needed,2268.9
983,1959,2024-04-21 01:22:43,1,Not as described,1623.51
984,832,2024-06-18 06:45:06,2,No longer needed,3018.84
985,34227,2024-02-29 11:33:11,1,Late Delivery,1775.79
986,13381,2024-03-04 19:56:29,5,Not as described,6690.4
987,5148,2025-04-01 19:18:43,2,Wrong Size,837.28
988,6988,2025-08-06 05:08:24,2,No longer needed,3109.66
989,6871,2024-09-06 17:14:54,1,Not as described,82.18
990,36959,2025-02-04 13:26:28,5,Wrong Size,7191.95
991,32462,2025-05-06 03:15:06,1,Wrong Size,699.35
992,35542,2024-03-04 20:25:36,4,Damaged,477.08
993,1291,2025-07-18 07:01:38,3,No longer needed,2054.1
994,342,2025-05-11 14:41:47,3,No longer needed,1365.87
995,23543,2024-02-27 11:20:13,1,Wrong Size,300.75
996,33034,2025-07-05 12:44:06,4,Not as described,1454.8
997,12444,2024-06-23 02:46:53,2,No longer needed,3498.3
998,9056,2025-08-10 16:46:36,3,Damaged,376.35
999,7764,2024-09-02 12:01:33,1,Damaged,625.6
1000,31327,2025-06-01 23:22:55,1,No longer needed,1797.95
1001,32218,2024-06-20 10:16:06,1,Late Delivery,90.0
1002,33240,2024-09-16 19:56:07,2,Not as described,2631.44
1003,23619,2025-04-11 16:16:07,1,Late Delivery,1413.66
1004,1915,2024-05-30 21:24:43,1,Wrong Size,889.56
1005,14715,2024-12-16 12:11:07,1,Not as described,1383.16
1006,15556,2024-09-28 13:01:29,3,Wrong Size,645.15
1007,27822,2025-06-29 01:26:15,4,Damaged,3215.44
1008,778,2025-07-19 03:37:11,1,Not as described,1467.83
1009,268,2024-12-18 18:00:56,3,Wrong Size,5877.66
1010,16540,2024-10-14 21:35:00,4,Wrong Size,7069.64
1011,35749,2025-07-10 23:30:56,1,Wrong Size,1778.35
1012,29014,2024-11-26 13:49:46,1,Wrong Size,1521.04
1013,28088,2025-05-11 15:12:23,2,Damaged,1309.1
1014,7585,2025-07-14 05:25:51,3,Wrong Size,5393.85
1015,24795,2025-08-03 05:37:17,4,Late Delivery,1228.92
1016,24367,2024-08-30 18:38:45,3,Not as described,2751.99
1017,34597,2025-06-05 15:45:23,1,Wrong Size,355.68
1018,24359,2025-01-24 15:16:43,1,No longer needed,718.96
1019,15458,2024-11-22 08:47:34,2,Wrong Size,338.7
1020,23172,2024-10-19 08:49:14,1,Damaged,719.24
1021,29311,2025-08-28 04:33:26,5,Not as described,1630.95
1022,11778,2024-09-09 08:29:16,1,No longer needed,1627.39
1023,20875,2025-05-27 20:23:25,1,Damaged,1362.6
1024,6275,2025-04-10 09:35:42,1,Not as described,1544.53
1025,11104,2024-11-21 14:26:49,3,Late Delivery,1067.52
1026,10373,2024-07-03 19:58:53,1,Wrong Size,1799.62
1027,20220,2024-03-04 13:54:56,1,Wrong Size,1868.94
1028,8755,2024-07-24 00:00:30,3,Damaged,1925.91
1029,32939,2025-04-28 17:56:19,1,Late Delivery,1412.33
1030,33092,2024-05-15 11:42:29,3,Wrong Size,1113.9
1031,35945,2024-08-23 07:28:41,1,Not as described,444.26
1032,29120,2024-09-17 01:53:54,2,Not as described,884.06
1033,8688,2024-11-19 10:19:08,4,Not as described,4532.64
1034,7819,2025-04-06 06:55:35,1,Not as described,649.41
1035,9876,2024-06-17 06:26:12,2,Not as described,3962.52
1036,5991,2025-08-29 04:15:19,1,No longer needed,228.81
1037,22057,2024-02-08 23:42:58,1,No longer needed,1253.92
1038,36279,2025-08-18 08:04:04,2,Wrong Size,1390.22
1039,2697,2024-02-09 02:29:22,5,No longer needed,9453.75
1040,22272,2025-07-15 12:11:02,1,No longer needed,228.81
1041,35688,2025-07-23 12:33:14,3,Not as described,2298.15
1042,2809,2025-04-20 12:35:16,3,Not as described,645.15
1043,6046,2024-09-25 06:44:56,1,Wrong Size,1311.46
1044,23256,2024-07-22 14:30:24,2,No longer needed,1977.74
1045,25826,2024-09-15 02:19:18,1,No longer needed,1966.01
1046,31062,2025-04-17 00:46:03,2,No longer needed,1213.64
1047,244,2025-04-11 08:57:21,4,Late Delivery,1962.84
1048,7121,2024-12-09 04:23:24,1,No longer needed,1627.39
1049,7382,2025-04-10 16:19:29,5,Wrong Size,7804.0
1050,21769,2024-02-25 20:52:08,2,Damaged,1971.5
1051,32794,2024-03-12 12:10:00,4,Not as described,6334.92
1052,15594,2025-06-07 02:26:04,4,Late Delivery,7345.96
1053,2336,2024-03-18 02:54:16,1,No longer needed,1694.87
1054,5616,2025-01-30 07:54:00,2,Wrong Size,2882.5
1055,23784,2024-07-07 11:51:01,1,Damaged,412.56
1056,21831,2024-07-26 01:25:32,1,Wrong Size,718.96
1057,16162,2024-06-16 02:18:11,2,Wrong Size,238.54
1058,97,2024-10-11 16:57:15,1,No longer needed,853.18
1059,32599,2025-01-02 04:02:51,1,Late Delivery,945.27
1060,2615,2024-03-22 02:51:40,1,Wrong Size,1767.41
1061,31853,2024-09-12 20:49:14,1,No longer needed,171.38
1062,15226,2024-07-21 17:05:30,2,No longer needed,1008.74
1063,23349,2024-11-05 22:48:31,1,Wrong Size,1801.83
1064,21441,2024-03-05 15:37:07,5,Wrong Size,7922.45
1065,14612,2025-02-12 15:55:29,1,Late Delivery,1617.23
1066,2359,2024-12-19 22:31:27,2,No longer needed,1543.18
1067,5555,2024-05-03 14:27:19,1,Not as described,972.84
1068,26306,2024-12-12 11:43:38,3,Late Delivery,3715.47
1069,3128,2024-02-21 22:09:24,1,Wrong Size,1702.86
1070,16140,2025-06-19 19:56:34,1,Damaged,922.23
1071,6516,2025-02-26 23:19:52,2,Wrong Size,654.14
1072,19823,2024-08-13 11:42:57,2,Wrong Size,3239.32
1073,23852,2024-07-08 17:49:39,2,Wrong Size,2604.56
1074,17287,2024-12-10 15:56:56,3,Damaged,1759.38
1075,15908,2025-08-15 14:46:00,4,Wrong Size,5863.0
1076,9947,2025-02-19 18:49:46,1,Late Delivery,78.65
1077,12080,2025-05-21 03:41:36,1,Damaged,954.21
1078,34193,2024-11-15 16:35:44,4,Wrong Size,5714.88
1079,10204,2025-04-10 05:50:51,3,Wrong Size,875.61
1080,11554,2025-09-23 08:49:09,1,No longer needed,1379.98
1081,18312,2025-05-04 02:16:18,2,Damaged,2919.5
1082,18679,2024-08-21 06:48:22,2,Late Delivery,1374.62
1083,28797,2025-08-18 06:23:59,3,No longer needed,2868.72
1084,3402,2025-01-15 23:41:35,3,No longer needed,3681.03
1085,33220,2024-05-26 12:04:44,1,Late Delivery,1612.14
1086,10971,2025-05-12 23:44:10,1,Damaged,489.73
1087,124,2024-05-15 11:37:26,1,No longer needed,846.89
1088,3227,2025-09-05 17:39:12,2,No longer needed,940.26
1089,3903,2024-10-15 00:15:17,1,Not as described,799.84
1090,27199,2025-01-03 01:56:23,3,Wrong Size,4831.17
1091,8032,2024-08-12 14:41:33,2,Not as described,141.24
1092,25597,2024-04-09 07:26:43,1,Not as described,497.02
1093,10180,2024-06-23 00:57:32,1,Wrong Size,422.05
1094,25849,2025-06-03 18:54:35,2,Not as described,3121.6
1095,32766,2024-12-09 16:07:44,3,Late Delivery,386.19
1096,22469,2025-01-21 03:57:15,1,Late Delivery,451.68
1097,22030,2025-05-17 21:32:03,2,Damaged,3378.3
1098,33683,2024-09-24 17:33:38,1,Late Delivery,397.71
1099,27998,2024-03-29 15:29:34,2,Damaged,303.26
1100,23218,2025-04-16 22:22:44,1,Not as described,1959.22
1101,2135,2025-07-18 09:10:09,5,Not as described,7061.65
1102,28478,2025-05-16 18:23:52,5,Damaged,3235.15
1103,32578,2024-04-06 10:00:13,1,Wrong Size,157.09
1104,18073,2025-02-22 08:13:57,2,Not as described,338.48
1105,16995,2025-06-05 07:34:46,1,Damaged,1333.13
1106,8380,2025-06-10 07:43:53,3,No longer needed,5596.05
1107,27643,2024-06-19 19:21:15,3,Damaged,2045.01
1108,34069,2025-07-19 21:28:49,1,Damaged,1831.24
1109,20460,2024-07-02 01:05:32,2,Wrong Size,3586.38
1110,29381,2024-06-21 00:20:17,2,Wrong Size,363.56
1111,24193,2024-04-19 14:25:04,3,Damaged,2396.55
1112,12323,2025-01-30 20:08:03,2,Late Delivery,1881.98
1113,1403,2024-04-06 23:02:37,1,Not as described,152.32
1114,22524,2024-04-15 13:35:54,1,Not as described,209.66
1115,848,2024-08-24 12:53:48,2,Late Delivery,944.34
1116,6685,2025-02-11 14:14:07,2,Wrong Size,303.26
1117,15441,2025-01-19 07:56:20,1,Late Delivery,1116.13
1118,22142,2025-01-05 14:05:40,3,Late Delivery,1891.8
1119,19154,2024-01-13 02:41:11,5,Damaged,5580.65
1120,5682,2024-07-09 10:04:10,1,Not as described,504.69
1121,19457,2024-08-12 22:58:49,1,Not as described,1175.69
1122,16260,2025-04-11 13:56:42,5,No longer needed,1039.0
1123,4343,2025-03-02 15:42:27,2,Wrong Size,303.26
1124,33219,2024-11-10 10:13:45,1,Not as described,1259.17
1125,30126,2024-03-09 19:19:30,2,Not as described,1500.78
1126,26470,2025-01-14 07:53:33,3,Late Delivery,3473.88
1127,36006,2025-02-06 20:07:06,3,Wrong Size,4418.97
1128,30018,2024-04-14 10:49:18,2,Late Delivery,1102.04
1129,7999,2025-07-23 20:33:56,2,Damaged,3122.04
1130,30098,2024-07-27 15:03:34,3,Wrong Size,773.7
1131,16450,2025-04-20 00:03:40,3,No longer needed,5603.13
1132,31115,2024-08-14 12:36:47,2,Damaged,2776.94
1133,24211,2024-07-24 12:30:59,1,Not as described,58.98
1134,23202,2024-06-12 23:53:47,2,Wrong Size,3566.28
1135,17618,2024-11-17 05:52:59,1,Not as described,945.27
1136,476,2024-09-02 11:40:12,2,Late Delivery,2958.46
1137,10990,2024-09-20 06:22:55,1,Not as described,1791.23
1138,12981,2024-09-23 05:53:36,1,Not as described,1709.64
1139,16065,2025-08-31 18:36:16,1,Wrong Size,1636.66
1140,8090,2025-02-08 11:20:30,2,No longer needed,338.7
1141,10518,2024-03-13 23:42:21,1,Late Delivery,1641.25
1142,22182,2025-06-26 15:46:49,1,No longer needed,483.41
1143,30292,2025-05-27 12:38:59,1,Not as described,257.11
1144,18531,2025-06-22 06:44:52,2,Late Delivery,2309.48
1145,7262,2025-01-21 01:04:21,4,Late Delivery,4642.68
1146,17351,2025-08-15 12:22:28,2,Late Delivery,2347.94
1147,20579,2024-05-23 14:46:00,1,Not as described,1843.29
1148,13689,2024-07-09 15:03:18,3,No longer needed,2580.09
1149,710,2025-05-13 05:35:41,1,No longer needed,215.05
1150,19243,2024-10-07 15:08:36,2,Damaged,2266.14
1151,28071,2024-02-07 21:46:57,4,Damaged,637.2
1152,3104,2025-03-14 01:00:10,3,Damaged,5443.89
1153,30727,2024-04-24 00:08:27,3,No longer needed,1450.23
1154,13223,2025-03-11 10:35:37,1,Not as described,1635.48
1155,28918,2024-06-21 03:58:02,1,Late Delivery,306.43
1156,21999,2024-07-03 09:48:37,1,Late Delivery,687.31
1157,7236,2024-06-09 10:30:22,1,Late Delivery,1695.59
1158,10882,2024-10-29 07:59:41,3,Damaged,2638.71
1159,14289,2024-07-06 16:37:28,2,Not as described,2051.12
1160,26303,2025-06-08 20:32:28,2,Wrong Size,3534.82
1161,31786,2024-10-13 10:47:39,3,No longer needed,5689.98
1162,36846,2025-09-20 05:12:46,4,Wrong Size,4298.84
1163,25712,2025-08-25 14:40:47,1,Damaged,1091.56
1164,8765,2024-08-01 10:52:08,2,Wrong Size,2152.84
1165,21271,2025-09-05 19:05:28,2,No longer needed,908.44
1166,34972,2024-09-07 01:17:50,4,Late Delivery,5057.44
1167,25380,2024-06-21 04:12:57,1,Not as described,65.97
1168,20790,2024-08-12 07:28:19,2,Not as described,3280.14
1169,31933,2024-01-22 01:21:25,1,Wrong Size,1259.52
1170,3922,2024-04-10 14:00:29,1,Damaged,704.45
1171,30326,2024-05-07 15:43:13,1,Wrong Size,1384.17
1172,29221,2024-05-17 17:34:01,4,Not as described,6053.2
1173,11814,2025-03-12 05:43:29,2,Late Delivery,306.0
1174,27129,2024-11-08 00:00:58,3,Late Delivery,859.68
1175,3391,2024-02-11 16:12:17,1,Not as described,1415.83
1176,20364,2024-08-12 20:06:27,1,Late Delivery,756.73
1177,13515,2024-03-29 09:32:38,2,No longer needed,551.58
1178,19831,2024-03-18 02:25:41,4,Wrong Size,5931.04
1179,33105,2025-09-16 21:48:03,1,Not as described,868.86
1180,21178,2025-06-26 01:09:10,3,Late Delivery,2711.43
1181,26968,2024-12-10 03:08:24,5,No longer needed,8109.45
1182,5853,2024-04-20 10:07:17,2,Not as described,981.42
1183,26796,2025-06-02 02:29:24,1,Damaged,506.82
1184,1630,2025-01-24 09:56:03,2,Not as described,1066.98
1185,27318,2025-04-26 23:31:23,1,Not as described,1785.36
1186,9225,2024-02-12 00:07:07,2,Late Delivery,3962.9
1187,30462,2024-02-25 22:09:54,2,No longer needed,1482.14
1188,7116,2024-10-31 01:40:53,2,No longer needed,1915.44
1189,6273,2025-04-25 09:35:42,2,Late Delivery,1941.54
1190,22147,2024-04-17 11:51:29,4,No longer needed,5983.32
1191,12512,2024-04-21 09:24:31,1,Not as described,1934.89
1192,11179,2025-07-01 15:23:04,2,Wrong Size,1779.96
1193,19878,2024-07-01 16:07:55,5,Not as described,8326.1
1194,4483,2024-12-20 18:44:47,3,Not as described,4014.24
1195,4116,2024-09-20 06:52:08,4,Wrong Size,7925.04
1196,1293,2025-07-11 07:01:38,3,Damaged,2156.88
1197,28286,2024-10-27 01:58:00,3,Wrong Size,3524.55
1198,925,2024-07-26 02:39:21,3,Wrong Size,1452.18
1199,31637,2024-10-27 20:23:56,3,No longer needed,3995.55
1200,26985,2024-02-16 06:46:59,3,Wrong Size,4075.56
1201,28833,2024-08-08 12:59:39,2,Damaged,700.28
1202,18034,2025-07-20 05:53:28,4,Wrong Size,5365.24
1203,18111,2024-03-10 20:47:33,1,No longer needed,98.77
1204,4576,2024-06-07 12:40:47,3,No longer needed,4334.16
1205,7458,2025-03-04 21:34:33,2,Late Delivery,2700.76
1206,26487,2025-01-31 05:54:18,1,Damaged,537.33
1207,5764,2025-04-09 01:43:15,4,Damaged,2528.6
1208,31862,2024-07-11 17:55:02,4,Wrong Size,5475.32
1209,34375,2025-03-12 14:43:02,1,Not as described,419.93
1210,26770,2024-10-18 03:31:11,1,Wrong Size,1814.63
1211,6832,2024-02-12 17:04:38,4,Not as described,3248.56
1212,22512,2024-11-04 00:47:49,1,Late Delivery,1195.89
1213,2496,2025-07-25 09:42:49,1,Wrong Size,965.61
1214,19635,2024-06-07 21:20:41,2,No longer needed,441.4
1215,15276,2024-06-21 05:57:27,1,Damaged,293.57
1216,2078,2024-05-12 05:48:27,1,Late Delivery,537.33
1217,438,2024-01-23 01:01:01,2,Damaged,3932.02
1218,5758,2025-05-01 01:47:59,4,Damaged,1031.6
1219,5633,2024-07-23 02:26:02,3,No longer needed,4462.8
1220,4481,2024-03-01 00:31:03,4,Not as described,7639.76
1221,28302,2024-09-10 04:23:21,2,Wrong Size,286.74
1222,30407,2024-08-09 03:43:29,2,Wrong Size,157.3
1223,31835,2024-02-09 16:58:58,4,Wrong Size,310.44
1224,37279,2024-06-02 13:52:17,1,Damaged,1341.31
1225,19336,2024-12-03 06:01:39,2,Not as described,1779.96
1226,35917,2025-05-27 15:05:14,4,Late Delivery,676.96
1227,7739,2024-11-13 08:34:50,1,Late Delivery,549.98
1228,21159,2024-05-26 04:59:38,5,Wrong Size,6110.0
1229,37012,2025-07-12 09:41:06,1,Not as described,1648.12
1230,34183,2025-06-17 06:12:09,1,No longer needed,1412.33
1231,30328,2025-06-27 10:57:20,1,No longer needed,1350.73
1232,35645,2024-05-25 21:49:26,1,Wrong Size,922.23
1233,34248,2024-02-07 11:38:31,2,Not as described,3604.2
1234,27184,2024-09-23 13:22:49,1,Not as described,663.73
1235,16174,2025-08-19 18:52:23,2,Wrong Size,3737.88
1236,36383,2024-11-18 07:06:45,2,Damaged,2966.32
1237,28817,2024-04-29 18:35:49,1,No longer needed,151.63
1238,22892,2024-06-18 18:13:02,1,Damaged,1276.44
1239,19064,2025-08-01 14:03:15,1,Not as described,757.29
1240,22199,2025-06-12 16:50:50,2,Not as described,3387.14
1241,18726,2025-02-16 05:20:36,1,Late Delivery,73.73
1242,13151,2025-07-16 21:31:40,1,Damaged,1091.56
1243,6107,2024-10-23 03:18:35,1,Damaged,552.15
1244,4124,2025-04-06 10:31:43,1,Wrong Size,1450.87
1245,26474,2025-03-21 08:45:00,1,Not as described,1196.21
1246,2041,2024-02-09 11:01:48,3,Late Delivery,3261.66
1247,23946,2025-02-03 11:12:05,1,No longer needed,535.9
1248,25160,2025-05-31 12:21:29,2,Not as described,1958.12
1249,34034,2025-02-21 17:42:01,1,Damaged,522.79
1250,14417,2024-09-29 03:35:58,1,No longer needed,1769.41
1251,27469,2024-02-03 11:15:26,1,Wrong Size,350.68
1252,11543,2024-12-06 06:42:53,1,Late Delivery,986.57
1253,34879,2025-03-16 21:19:58,2,Wrong Size,250.08
1254,26266,2025-08-19 11:13:48,2,Damaged,2809.44
1255,14148,2025-07-10 02:50:57,3,Wrong Size,2696.73
1256,32321,2025-04-23 13:41:14,1,Not as described,1773.26
1257,3021,2024-04-27 07:52:46,2,Late Delivery,2919.5
1258,7193,2024-02-06 14:24:45,3,No longer needed,3424.29
1259,21658,2024-10-20 18:53:16,1,Not as described,1148.8
1260,12922,2024-11-15 09:53:24,1,Not as described,1517.56
1261,19506,2024-02-23 13:07:57,4,Damaged,3434.48
1262,36315,2024-08-06 13:50:13,3,Not as described,5689.89
1263,17807,2025-07-08 05:14:14,1,Damaged,1025.56
1264,32742,2025-04-05 07:16:03,2,Damaged,2973.56
1265,16783,2025-08-08 11:39:06,1,No longer needed,1406.13
1266,9449,2025-05-07 23:55:26,5,Late Delivery,2955.0
1267,8872,2025-06-08 06:48:26,1,Wrong Size,79.32
1268,17,2024-03-06 15:18:44,2,Late Delivery,3167.46
1269,9718,2025-09-20 12:42:57,3,Damaged,5008.44
1270,25412,2025-01-29 21:38:17,2,Damaged,1264.3
1271,5274,2024-11-07 11:09:36,3,No longer needed,5335.05
1272,27644,2025-01-30 09:03:02,3,Wrong Size,3049.53
1273,8394,2024-09-15 07:51:49,3,Damaged,850.86
1274,7884,2024-02-06 00:14:36,4,Wrong Size,373.12
1275,20182,2025-05-10 03:50:37,2,Late Delivery,1489.06
1276,10051,2025-05-13 23:58:25,1,Late Delivery,1480.99
1277,21152,2024-06-19 19:33:56,2,No longer needed,1172.62
1278,3171,2024-07-19 20:25:19,2,Not as described,1149.2
1279,27843,2024-09-13 16:44:44,3,No longer needed,3857.25
1280,5962,2024-12-09 10:48:56,4,Wrong Size,3775.28
1281,8393,2024-09-28 07:51:49,3,Not as described,1286.97
1282,5671,2024-12-06 20:18:58,1,Late Delivery,586.46
1283,14262,2025-01-02 07:47:41,1,Wrong Size,1714.95
1284,251,2024-11-23 19:48:57,1,No longer needed,135.51
1285,20505,2024-12-15 18:42:44,2,Late Delivery,2667.22
1286,32300,2025-05-16 23:25:46,1,Damaged,1362.3
1287,37345,2025-08-11 14:30:36,2,No longer needed,2347.94
1288,32387,2024-05-21 21:11:24,3,No longer needed,3507.9
1289,19916,2025-05-26 08:06:43,1,Wrong Size,1896.66
1290,10732,2024-04-14 09:44:39,3,Late Delivery,3380.19
1291,24557,2024-05-14 16:37:41,4,Damaged,579.16
1292,880,2024-10-08 14:17:58,4,Damaged,1794.4
1293,32357,2024-11-10 21:00:39,3,Late Delivery,4767.27
1294,10013,2024-02-27 08:50:45,1,Not as described,1680.85
1295,25901,2024-07-23 00:35:07,2,Wrong Size,569.84
1296,18260,2024-09-30 09:55:19,3,Late Delivery,3932.55
1297,25411,2025-01-05 21:38:17,5,No longer needed,5901.0
1298,10635,2024-07-25 09:53:23,2,No longer needed,920.98
1299,13011,2024-06-04 19:32:12,4,No longer needed,2990.52
1300,16897,2025-09-01 04:41:26,1,Not as described,1036.98
1301,35213,2024-02-17 06:28:48,5,Not as described,333.25
1302,33970,2024-06-27 04:39:50,1,Damaged,761.55
1303,16741,2024-06-21 11:09:02,1,Not as described,600.54
1304,15387,2024-09-18 02:31:59,4,Wrong Size,4366.44
1305,18817,2025-09-15 21:04:42,4,Late Delivery,7444.52
1306,28623,2024-12-09 01:39:53,3,Not as described,3274.83
1307,34725,2024-04-04 02:26:23,3,Late Delivery,5308.23
1308,2088,2025-03-31 14:14:43,1,Late Delivery,143.37
1309,2362,2024-04-11 20:26:48,4,No longer needed,7208.4
1310,10019,2025-05-02 16:47:37,4,Not as described,6944.88
1311,9476,2025-02-02 08:55:13,2,Wrong Size,286.74
1312,5988,2024-12-01 23:47:57,1,No longer needed,1430.18
1313,10135,2024-12-21 03:20:14,4,Damaged,1194.2
1314,23516,2024-07-21 17:07:41,1,No longer needed,606.82
1315,27425,2024-09-14 23:36:08,1,No longer needed,649.59
1316,23561,2024-02-11 08:59:15,1,Wrong Size,331.71
1317,27104,2025-05-07 18:10:28,2,No longer needed,808.22
1318,15960,2024-11-20 10:15:29,1,Not as described,858.79
1319,29171,2024-05-18 00:02:52,1,Not as described,118.09
1320,25299,2024-04-05 01:51:37,2,No longer needed,1044.74
1321,26523,2024-02-14 12:17:40,2,Damaged,2875.26
1322,29405,2024-10-23 08:22:16,4,Not as described,3604.92
1323,1576,2025-09-05 20:10:24,2,Damaged,1198.14
1324,29345,2024-03-08 14:01:53,2,Not as described,2394.32
1325,25257,2024-10-06 09:16:39,1,Not as described,1229.09
1326,3223,2024-03-07 13:00:23,4,Wrong Size,3652.4
1327,5134,2024-12-23 18:26:49,1,Damaged,1559.12
1328,35543,2025-03-15 00:18:38,1,Wrong Size,605.74
1329,12660,2025-03-23 17:18:18,3,No longer needed,617.79
1330,23791,2024-02-19 13:44:39,1,Damaged,1665.34
1331,36243,2024-09-15 08:54:11,2,Late Delivery,790.4
1332,34983,2025-05-18 13:12:17,1,Wrong Size,1537.97
1333,28728,2025-03-21 18:13:46,1,Damaged,961.21
1334,29313,2024-02-19 18:22:03,1,Late Delivery,846.17
1335,36199,2025-03-08 17:57:54,1,Late Delivery,1323.74
1336,17772,2025-07-21 00:33:21,3,Damaged,329.22
1337,26417,2025-02-16 23:09:53,1,Damaged,1333.13
1338,29226,2025-08-29 11:31:23,1,Damaged,1802.1
1339,2028,2024-08-11 09:35:47,2,Not as described,2272.2
1340,11882,2025-05-30 18:48:22,1,Not as described,1865.35
1341,12992,2024-02-20 22:55:43,3,Late Delivery,5164.68
1342,3375,2025-09-25 00:15:01,3,Not as described,3502.92
1343,19999,2024-12-21 15:03:21,1,Not as described,1204.27
1344,19058,2025-07-13 11:20:07,2,Damaged,3761.66
1345,17027,2024-06-17 17:06:27,2,Wrong Size,3294.52
1346,26818,2024-05-09 08:06:00,2,No longer needed,2266.14
1347,8288,2025-09-28 21:33:18,1,Wrong Size,737.51
1348,31076,2025-04-28 15:51:02,1,Late Delivery,1406.13
1349,7814,2025-07-06 00:32:41,1,Damaged,1536.37
1350,18519,2024-03-12 09:10:15,1,Not as described,472.73
1351,29142,2024-07-22 09:05:04,1,Late Delivery,153.0
1352,5358,2024-07-27 02:50:47,3,Late Delivery,4035.12
1353,20282,2024-06-09 22:20:29,4,Late Delivery,1502.92
1354,32885,2024-02-13 06:56:12,4,Not as described,5450.4
1355,7491,2024-03-01 13:17:11,3,No longer needed,4506.9
1356,610,2024-11-20 12:45:50,2,Not as described,3761.66
1357,34464,2024-10-09 18:21:25,1,Damaged,1184.13
1358,8768,2024-04-24 03:47:42,3,Wrong Size,4007.46
1359,13521,2025-05-07 11:23:27,1,Damaged,135.51
1360,12812,2024-04-28 07:13:22,2,Late Delivery,1881.98
1361,6467,2025-01-16 12:56:25,1,Damaged,568.93
1362,959,2024-05-19 14:03:40,1,Late Delivery,1374.65
1363,15147,2025-05-24 18:23:45,2,Late Delivery,869.82
1364,35907,2025-06-04 06:30:20,1,Late Delivery,1661.69
1365,7298,2024-03-13 02:54:25,4,Late Delivery,1307.56
1366,19777,2025-03-09 00:23:01,1,Damaged,993.5
1367,7131,2025-05-29 01:45:35,1,Late Delivery,1169.3
1368,8172,2024-05-30 08:24:51,1,Late Delivery,586.31
1369,27685,2025-07-12 07:43:19,1,Damaged,169.35
1370,11201,2024-10-18 22:52:21,1,Damaged,1769.41
1371,31834,2024-02-18 16:58:58,1,Wrong Size,1274.24
1372,32242,2024-08-16 01:28:06,1,Wrong Size,1560.8
1373,19431,2025-05-08 05:23:46,1,Not as described,632.15
1374,3310,2024-03-06 00:34:02,1,Wrong Size,1346.25
1375,33584,2025-02-27 22:48:34,3,Wrong Size,4394.85
1376,34459,2024-08-04 22:07:56,2,Late Delivery,3555.04
1377,13295,2024-11-28 06:19:19,3,Wrong Size,545.34
1378,19022,2024-11-27 08:49:40,2,Wrong Size,2723.94
1379,31525,2025-05-07 03:37:58,1,No longer needed,678.21
1380,11075,2024-12-11 17:36:11,1,No longer needed,180.0
1381,21395,2024-11-25 14:24:08,1,Not as described,284.92
1382,21944,2024-12-14 22:07:20,2,Late Delivery,3918.44
1383,22150,2025-02-16 00:52:51,3,Damaged,3945.93
1384,13977,2024-06-17 06:57:43,2,Damaged,3094.84
1385,32906,2024-07-25 18:44:11,3,Damaged,3471.51
1386,11753,2025-04-20 20:47:10,2,Damaged,2481.58
1387,34156,2025-03-19 06:25:20,3,Wrong Size,4195.29
1388,33840,2025-01-28 13:31:12,1,Damaged,315.77
1389,15973,2025-07-08 12:10:38,1,Not as described,131.98
1390,7388,2024-07-03 14:20:30,3,No longer needed,2451.81
1391,28204,2025-05-29 19:54:52,5,Damaged,4928.75
1392,14000,2025-09-04 04:17:55,1,Wrong Size,777.05
1393,8817,2025-08-08 10:02:24,1,Not as described,418.64
1394,23000,2024-01-13 20:01:07,1,No longer needed,591.0
1395,5586,2024-12-30 05:55:26,1,No longer needed,413.3
1396,20425,2025-04-03 21:33:12,1,Wrong Size,207.8
1397,33175,2024-10-31 18:59:56,1,Wrong Size,52.38
1398,28403,2024-07-28 06:33:49,5,Damaged,3131.3
1399,6215,2025-01-31 04:30:49,2,Late Delivery,1940.44
1400,15129,2024-02-29 05:17:52,1,Wrong Size,817.27
1401,15321,2025-01-23 12:10:49,2,No longer needed,528.64
1402,33217,2024-11-07 10:13:45,2,No longer needed,837.28
1403,23655,2024-08-22 08:33:13,3,No longer needed,2896.83
1404,22481,2025-05-18 17:20:22,2,Damaged,3743.56
1405,18809,2025-03-04 13:39:33,4,No longer needed,7475.76
1406,16572,2024-03-09 19:38:54,2,No longer needed,1358.04
1407,28825,2025-01-20 21:38:59,4,Wrong Size,3929.8
1408,11728,2025-07-18 07:15:24,1,Wrong Size,695.11
1409,4683,2024-08-01 14:07:37,5,Damaged,7834.0
1410,21295,2024-05-31 18:16:22,1,Damaged,1428.61
1411,2478,2024-04-29 17:57:45,4,Late Delivery,3213.92
1412,32537,2025-01-17 21:41:02,3,Not as described,2387.76
1413,12816,2024-07-19 10:20:22,2,Not as described,3281.02
1414,23312,2025-06-20 18:21:40,1,Damaged,868.59
1415,32156,2024-05-31 16:32:32,3,Not as described,2524.29
1416,20509,2025-05-04 10:34:02,1,Wrong Size,1777.94
1417,33758,2025-09-30 01:45:02,1,Late Delivery,1479.23
1418,18511,2025-07-24 20:09:26,2,Not as described,3364.1
1419,22034,2025-09-16 10:14:30,3,Late Delivery,574.05
1420,17894,2025-02-13 13:12:01,2,Not as described,99.52
1421,17458,2024-06-12 10:52:53,2,Damaged,219.48
1422,34594,2025-05-25 15:45:23,1,Not as described,1693.57
1423,35113,2024-02-29 22:03:42,4,Damaged,314.6
1424,29900,2024-03-24 05:27:18,2,Damaged,2791.96
1425,19100,2024-06-22 03:55:38,1,Wrong Size,947.02
1426,15621,2024-08-14 11:39:44,2,No longer needed,1443.3
1427,33766,2024-07-23 05:54:57,1,Late Delivery,1379.86
1428,14286,2024-09-08 06:34:29,3,Wrong Size,3799.14
1429,2218,2025-06-17 17:32:04,3,Not as described,2739.3
1430,82,2025-04-22 04:11:04,1,Wrong Size,1412.33
1431,17809,2025-09-06 13:47:57,3,Late Delivery,1649.94
1432,12997,2024-07-21 22:20:05,2,Damaged,2234.7
1433,11941,2025-04-19 00:32:56,1,Not as described,296.52
1434,2357,2024-05-29 09:02:54,5,Late Delivery,4124.9
1435,6927,2025-08-26 00:20:46,1,Late Delivery,190.42
1436,25668,2024-12-25 02:19:25,1,Late Delivery,639.39
1437,10680,2024-09-27 10:11:04,3,Wrong Size,1440.42
1438,2763,2025-06-25 12:52:36,1,Late Delivery,1797.95
1439,13107,2024-06-29 15:44:52,1,Not as described,1560.56
1440,24528,2024-01-17 13:36:07,1,Late Delivery,151.63
1441,34835,2024-08-20 23:50:37,1,No longer needed,1350.38
1442,3299,2025-04-14 08:43:05,1,Not as described,1498.59
1443,32229,2024-08-26 01:16:59,1,Damaged,1305.78
1444,11914,2024-08-23 05:20:05,2,Late Delivery,327.8
1445,4802,2024-05-17 21:23:46,1,Wrong Size,621.82
1446,19459,2024-08-12 22:58:49,4,No longer needed,2143.6
1447,8597,2025-02-16 09:46:20,3,Wrong Size,5036.43
1448,36710,2024-05-26 06:01:33,5,Damaged,1696.7
1449,36323,2025-01-17 18:44:17,1,No longer needed,541.01
1450,15367,2025-08-26 19:40:13,1,Wrong Size,681.67
1451,23105,2025-02-19 12:57:02,1,Late Delivery,1970.29
1452,29145,2025-01-12 12:42:26,2,No longer needed,631.54
1453,3986,2024-10-16 01:46:24,2,Not as described,925.76
1454,24920,2024-08-18 18:43:44,1,Late Delivery,1610.81
1455,5520,2025-01-11 06:41:54,1,Wrong Size,1237.17
1456,8078,2024-08-27 15:16:05,3,No longer needed,613.26
1457,26088,2024-05-11 10:22:44,3,Late Delivery,2822.97
1458,13005,2024-03-17 07:20:40,1,Damaged,56.03
1459,30306,2025-01-10 08:42:19,2,Damaged,2183.22
1460,35074,2024-05-26 18:39:30,3,No longer needed,4218.39
1461,22135,2024-12-07 03:28:36,2,Not as described,1532.1
1462,26259,2024-03-28 16:36:14,4,No longer needed,4560.44
1463,770,2025-01-15 00:20:06,3,Wrong Size,4286.16
1464,14108,2024-03-27 17:36:27,1,Not as described,858.79
1465,21843,2025-08-03 02:14:30,2,No longer needed,1890.54
1466,24340,2024-03-02 09:11:46,2,Wrong Size,3570.72
1467,31103,2024-04-05 17:52:52,1,Not as described,412.56
1468,358,2024-01-27 08:48:17,2,Damaged,2392.42
1469,695,2025-09-21 06:13:11,1,No longer needed,215.05
1470,11631,2024-05-12 18:34:03,3,Damaged,4882.17
1471,36448,2024-08-12 22:37:31,1,Wrong Size,850.74
1472,21169,2024-05-18 23:42:15,4,Damaged,3368.64
1473,27215,2025-07-20 08:29:49,2,No longer needed,3005.06
1474,35108,2024-02-09 16:12:21,1,Damaged,1024.04
1475,15363,2025-03-25 03:27:02,2,Late Delivery,2759.68
1476,9302,2024-06-10 23:17:13,1,No longer needed,1422.76
1477,26998,2025-08-24 08:02:37,3,Not as described,157.14
1478,618,2025-03-29 08:49:09,3,Damaged,995.13
1479,21770,2024-02-15 20:52:08,1,Late Delivery,869.7
1480,18658,2024-12-31 10:01:23,1,No longer needed,355.84
1481,5272,2025-01-02 08:32:34,3,Wrong Size,4669.65
1482,21861,2025-07-01 15:20:23,3,Not as described,3735.63
1483,20151,2024-09-21 09:36:05,1,No longer needed,1793.19
1484,732,2025-01-25 20:51:21,2,Not as described,487.16
1485,14908,2024-07-08 19:08:25,3,Damaged,3591.48
1486,14817,2025-06-14 05:08:17,3,Damaged,1255.92
1487,24411,2024-02-08 07:29:19,4,Late Delivery,5536.68
1488,10211,2025-09-29 13:54:40,3,Late Delivery,4926.99
1489,3628,2024-11-23 08:21:32,1,Not as described,1688.24
1490,32410,2024-02-24 23:15:49,1,Not as described,1838.15
1491,7679,2024-12-26 08:31:52,2,No longer needed,750.88
1492,25132,2025-05-08 06:13:18,2,No longer needed,1758.48
1493,27552,2025-05-15 02:03:28,1,No longer needed,1209.35
1494,19557,2024-12-20 20:53:50,1,No longer needed,70.62
1495,18373,2025-02-04 10:26:12,1,Late Delivery,1276.44
1496,31011,2024-11-29 05:08:30,1,Wrong Size,165.36
1497,36334,2024-04-29 14:18:13,2,No longer needed,2394.32
1498,32175,2024-02-29 02:26:15,1,Not as described,1011.8
1499,22139,2024-06-28 21:29:52,1,Late Delivery,1510.69
1500,824,2025-08-24 10:14:29,2,Late Delivery,1031.6
